uid,labname,numTrials,timestamp
user_4,project1,1,2020-04-17 05:19:02.744528
user_4,project1,2,2020-04-17 05:22:45.549397
user_4,project1,3,2020-04-17 05:34:24.422370
user_4,project1,4,2020-04-17 05:43:27.773992
user_4,project1,5,2020-04-17 05:46:32.275104
user_4,project1,6,2020-04-17 05:50:27.860908
user_4,project1,7,2020-04-17 05:52:56.335091
user_4,laba04,1,2020-04-17 11:33:17.366400
user_4,laba04,2,2020-04-17 11:40:05.237273
user_4,laba04,3,2020-04-17 11:44:20.707058
user_4,laba04s,1,2020-04-17 11:48:41.992466
user_4,laba04s,2,2020-04-17 11:50:11.456634
user_4,laba04s,3,2020-04-17 12:46:12.054682
user_17,project1,1,2020-04-18 07:56:45.408648
user_30,laba04,1,2020-04-18 13:36:53.971502
user_2,laba04,1,2020-04-18 13:42:35.482008
user_2,laba04s,1,2020-04-18 13:51:22.291271
user_2,laba04s,2,2020-04-18 13:53:17.423114
user_2,laba04s,3,2020-04-18 14:30:59.279089
user_30,laba04s,1,2020-04-18 14:51:37.498399
user_2,laba04s,4,2020-04-18 15:13:27.655666
user_14,laba04,1,2020-04-18 15:14:00.312338
user_14,laba04,2,2020-04-18 15:20:33.198766
user_14,laba04,3,2020-04-18 15:24:12.047491
user_14,laba04,4,2020-04-18 15:24:53.299514
user_14,laba04,5,2020-04-18 15:30:17.096916
user_14,laba04,6,2020-04-18 15:33:14.440380
user_2,laba04s,5,2020-04-18 15:33:20.565406
user_14,laba04,7,2020-04-18 15:34:22.274256
user_14,laba04,8,2020-04-18 15:35:48.841969
user_14,laba04,9,2020-04-18 15:45:13.236352
user_14,laba04,10,2020-04-18 15:46:15.473674
user_14,laba04,11,2020-04-18 15:49:49.293560
user_12,laba04,1,2020-04-18 17:07:51.767358
user_12,laba04,2,2020-04-18 17:32:52.474915
user_12,laba04,3,2020-04-18 17:34:09.414675
user_12,laba04,4,2020-04-18 17:38:05.714027
user_14,laba04,12,2020-04-18 18:10:35.687654
user_2,laba04s,6,2020-04-18 18:12:36.913229
user_14,laba04,13,2020-04-18 18:47:11.295818
user_14,laba04,14,2020-04-18 18:58:31.263729
user_14,laba04,15,2020-04-18 19:25:59.869852
user_14,laba04,16,2020-04-18 19:38:12.034655
user_2,laba04s,7,2020-04-18 19:51:12.195982
user_14,laba04,17,2020-04-18 20:01:14.446476
user_14,laba04,18,2020-04-18 20:01:24.594980
user_2,laba04s,8,2020-04-18 21:30:51.210546
user_14,laba04,19,2020-04-18 21:42:46.277260
user_8,laba04,1,2020-04-18 21:53:36.058389
user_14,laba04s,1,2020-04-18 22:30:30.247628
user_14,laba04s,2,2020-04-18 22:31:47.891803
user_14,laba04s,3,2020-04-18 22:34:00.329787
user_14,laba04s,4,2020-04-19 00:23:16.647685
user_2,laba04s,9,2020-04-19 05:29:40.744326
user_14,laba04s,5,2020-04-19 09:09:11.975322
user_14,laba04s,6,2020-04-19 10:06:52.904266
user_8,laba04,2,2020-04-19 10:08:25.007910
user_8,laba04s,1,2020-04-19 10:22:35.761944
user_8,laba04s,2,2020-04-19 10:49:11.701230
user_29,laba04,1,2020-04-19 11:10:55.722647
user_8,laba04s,3,2020-04-19 11:14:41.571331
user_8,laba04s,4,2020-04-19 11:37:32.410857
user_8,laba04s,5,2020-04-19 13:27:18.287766
user_8,laba04s,6,2020-04-19 13:32:39.358479
user_29,laba04s,1,2020-04-19 18:55:41.516438
user_29,laba04s,2,2020-04-19 18:56:05.607729
user_4,project1,8,2020-04-19 21:31:52.735404
user_4,project1,9,2020-04-19 21:37:36.292793
user_4,project1,10,2020-04-19 21:42:53.962774
user_4,project1,11,2020-04-19 21:46:08.395123
user_22,laba04,1,2020-04-20 11:16:47.114667
user_22,laba04s,1,2020-04-20 11:18:04.063308
user_16,laba04,1,2020-04-20 14:51:39.981342
user_16,laba04,2,2020-04-20 14:51:51.743369
user_16,lab03,7,2020-04-20 15:12:20.441220
user_16,lab03s,1,2020-04-20 15:12:28.412441
user_16,laba04,3,2020-04-20 15:12:43.203903
user_16,laba04,4,2020-04-20 15:12:44.159158
user_0,lab02,1,2020-04-20 17:56:45.209722
user_0,lab02,2,2020-04-20 17:56:58.195472
user_19,laba04,1,2020-04-20 19:05:01.297780
user_19,laba04,2,2020-04-20 19:08:04.239630
user_19,laba04,3,2020-04-20 19:09:18.062777
user_19,laba04,4,2020-04-20 19:10:44.104475
user_25,laba04,1,2020-04-20 19:16:50.673054
user_25,laba04,2,2020-04-20 19:27:14.419414
user_19,laba04,5,2020-04-21 17:31:02.982192
user_21,laba04,1,2020-04-21 17:48:00.487806
user_21,laba04,2,2020-04-21 17:48:49.158627
user_21,laba04,3,2020-04-21 17:50:12.879704
user_21,laba04,4,2020-04-21 17:50:31.134381
user_21,laba04,5,2020-04-21 18:01:26.041676
user_19,laba04,6,2020-04-21 18:04:48.979607
user_19,laba04,7,2020-04-21 18:04:59.154392
user_21,laba04,6,2020-04-21 19:18:24.220338
user_21,laba04,7,2020-04-21 20:41:03.416676
user_21,laba04,8,2020-04-21 20:45:31.581556
user_25,laba04,3,2020-04-21 20:54:29.251625
user_19,laba04,8,2020-04-21 22:24:46.400387
user_30,project1,1,2020-04-22 12:36:24.053518
user_10,code_rvw,3,2020-04-22 13:28:02.071842
user_24,laba04,1,2020-04-22 13:36:35.868433
user_21,laba04,9,2020-04-22 18:45:44.816242
user_21,laba04,10,2020-04-22 18:58:13.293509
user_21,laba04,11,2020-04-22 19:04:06.973762
user_21,laba04,12,2020-04-22 19:05:19.931833
user_21,laba04,13,2020-04-22 19:29:51.555924
user_21,laba04,14,2020-04-22 19:32:53.196741
user_21,laba04,15,2020-04-22 19:37:25.644792
user_21,laba04s,1,2020-04-22 20:09:21.857747
user_28,laba04,1,2020-04-22 21:47:19.707242
user_28,laba04,2,2020-04-22 21:49:18.721776
user_21,laba04s,2,2020-04-22 22:38:14.508953
user_21,laba04s,3,2020-04-22 22:38:57.618762
user_21,laba04s,4,2020-04-22 22:43:09.143595
user_31,laba04,1,2020-04-23 00:23:49.850904
user_31,laba04s,1,2020-04-23 00:24:06.344319
user_30,project1,2,2020-04-23 07:58:29.645003
user_24,laba04,2,2020-04-23 08:06:24.837163
user_24,laba04,3,2020-04-23 08:16:16.022737
user_19,laba04,9,2020-04-23 11:38:52.929518
user_19,laba04,10,2020-04-23 12:32:38.651745
user_19,laba04,11,2020-04-23 12:57:30.801784
user_19,laba04,12,2020-04-23 13:45:10.408891
user_19,laba04,13,2020-04-23 13:45:53.055893
user_19,laba04,14,2020-04-23 14:06:14.391324
user_17,laba04,1,2020-04-23 14:24:29.947554
user_17,laba04,2,2020-04-23 14:28:03.010976
user_3,laba04,1,2020-04-23 20:29:14.054364
user_3,laba04s,1,2020-04-23 20:40:26.883591
user_4,project1,12,2020-04-23 21:19:18.762240
user_4,project1,13,2020-04-23 21:21:48.840706
user_4,project1,14,2020-04-23 21:37:31.983764
user_4,project1,15,2020-04-23 21:39:13.227013
user_4,project1,16,2020-04-23 21:43:46.766820
user_4,project1,17,2020-04-23 21:49:53.822020
user_4,project1,18,2020-04-23 21:51:34.312338
user_4,project1,19,2020-04-23 21:54:01.827205
user_4,project1,20,2020-04-23 21:55:41.993531
user_4,project1,21,2020-04-24 10:59:52.617063
user_19,laba04,15,2020-04-24 16:05:46.464083
user_4,project1,22,2020-04-24 17:18:39.716078
user_4,project1,23,2020-04-24 17:20:24.447392
user_4,project1,24,2020-04-24 17:22:21.822473
user_4,project1,25,2020-04-24 17:23:39.861510
user_4,project1,26,2020-04-24 17:25:28.583827
user_4,project1,27,2020-04-24 22:27:14.314910
user_24,laba04s,1,2020-04-25 03:53:05.181598
user_26,laba04,1,2020-04-25 07:38:38.986125
user_26,laba04,2,2020-04-25 07:40:33.315557
user_26,laba04,3,2020-04-25 07:40:45.603606
user_26,laba04,4,2020-04-25 07:41:20.221687
user_26,laba04,5,2020-04-25 07:42:03.240906
user_26,laba04s,1,2020-04-25 07:42:23.042287
user_26,laba04,6,2020-04-25 08:02:37.923584
user_26,laba04,7,2020-04-25 08:02:55.719352
user_10,laba04,1,2020-04-25 08:24:52.696624
user_10,laba04s,1,2020-04-25 08:37:54.604222
user_10,laba04s,2,2020-04-25 08:39:50.663480
user_26,code_rvw,1,2020-04-25 09:38:32.704200
user_15,code_rvw,5,2020-04-25 09:59:47.673686
user_17,laba04,3,2020-04-25 11:32:27.662358
user_17,laba04,4,2020-04-25 11:32:31.183708
user_17,laba04,5,2020-04-25 11:54:13.749339
user_17,laba04,6,2020-04-25 11:54:15.809577
user_17,laba04,7,2020-04-25 12:08:11.894766
user_17,laba04s,1,2020-04-25 12:10:56.414175
user_17,laba04s,2,2020-04-25 12:45:03.202092
user_17,laba04s,3,2020-04-25 12:45:13.749125
user_8,code_rvw,16,2020-04-25 14:33:15.005790
user_25,laba04,4,2020-04-25 14:47:45.912144
user_25,laba04,5,2020-04-25 15:01:28.344327
user_25,laba04,6,2020-04-25 15:27:37.217535
user_19,laba04,16,2020-04-25 15:43:49.539223
user_25,laba04,7,2020-04-25 15:46:21.922842
user_25,laba04,8,2020-04-25 16:00:35.751879
user_25,laba04,9,2020-04-25 16:01:00.827562
user_28,laba04,3,2020-04-25 16:48:55.325505
user_28,laba04,4,2020-04-25 17:01:45.297657
user_28,laba04,5,2020-04-25 17:04:17.081681
user_28,laba04,6,2020-04-25 17:05:31.796663
user_28,laba04,7,2020-04-25 17:08:05.654958
user_28,laba04,8,2020-04-25 17:09:24.647629
user_19,laba04,17,2020-04-25 17:11:05.306157
user_19,laba04,18,2020-04-25 17:36:09.601778
user_13,laba04,1,2020-04-25 17:56:16.919886
user_13,laba04,2,2020-04-25 18:01:33.901268
user_13,laba04,3,2020-04-25 18:04:02.049026
user_25,laba04,10,2020-04-25 18:36:36.032655
user_25,laba04,11,2020-04-25 18:50:39.112848
user_13,laba04,4,2020-04-25 19:01:32.113348
user_13,laba04,5,2020-04-25 19:08:26.822432
user_13,laba04,6,2020-04-25 20:28:58.436434
user_19,laba04,19,2020-04-25 20:37:02.012808
user_19,laba04,20,2020-04-25 20:50:03.338793
user_19,laba04,21,2020-04-25 20:50:13.303580
user_19,laba04,22,2020-04-25 20:58:42.407371
user_19,laba04,23,2020-04-25 21:09:29.378441
user_25,laba04,12,2020-04-25 21:30:32.668380
user_25,laba04,13,2020-04-25 21:33:32.786711
user_25,laba04,14,2020-04-25 21:39:43.315566
user_20,laba04,1,2020-04-25 22:23:13.834512
user_20,laba04,2,2020-04-25 22:24:33.562088
user_6,laba04,1,2020-04-25 23:59:21.925422
user_6,laba04,2,2020-04-26 00:01:15.712162
user_13,laba04,7,2020-04-26 07:33:22.367075
user_8,laba04s,7,2020-04-26 08:51:33.227824
user_8,laba04s,8,2020-04-26 08:55:26.789556
user_8,laba04s,9,2020-04-26 08:57:17.507062
user_13,laba04,8,2020-04-26 10:01:11.093066
user_3,code_rvw,3,2020-04-26 10:09:49.088018
user_19,laba04,24,2020-04-26 10:19:07.614667
user_19,laba04,25,2020-04-26 10:21:43.309470
user_19,laba04,26,2020-04-26 10:37:29.107074
user_19,laba04,27,2020-04-26 11:07:02.954583
user_19,laba04,28,2020-04-26 11:19:11.384733
user_19,laba04,29,2020-04-26 11:50:39.521485
user_19,laba04,30,2020-04-26 11:53:15.419574
user_19,laba04,31,2020-04-26 12:07:53.667761
user_20,laba04,3,2020-04-26 12:08:08.601104
user_20,laba04,4,2020-04-26 12:13:22.900213
user_19,laba04,32,2020-04-26 12:17:05.222408
user_19,laba04,33,2020-04-26 12:17:41.213336
user_13,laba04,9,2020-04-26 12:18:08.276482
user_19,laba04,34,2020-04-26 12:25:57.652148
user_19,laba04,35,2020-04-26 13:30:41.557564
user_19,laba04,36,2020-04-26 13:30:51.841196
user_6,laba04,3,2020-04-26 13:57:50.306732
user_6,laba04s,1,2020-04-26 14:25:29.925508
user_6,laba04s,2,2020-04-26 14:45:11.573270
user_6,laba04s,3,2020-04-26 14:49:30.496115
user_19,laba04,37,2020-04-26 14:58:35.868987
user_19,laba04,38,2020-04-26 15:10:10.127048
user_19,laba04,39,2020-04-26 15:23:22.155086
user_19,laba04,40,2020-04-26 15:25:36.062973
user_19,laba04,41,2020-04-26 15:27:57.002201
user_19,laba04,42,2020-04-26 15:29:14.874618
user_12,laba04s,1,2020-04-26 15:42:38.070593
user_13,laba04,10,2020-04-26 15:45:46.206821
user_28,laba04s,1,2020-04-26 15:53:44.906136
user_28,laba04s,2,2020-04-26 16:05:15.432491
user_20,laba04s,1,2020-04-26 16:05:20.794646
user_20,laba04s,2,2020-04-26 16:06:54.042640
user_20,laba04s,3,2020-04-26 16:08:01.533605
user_28,laba04s,3,2020-04-26 16:08:21.576052
user_28,laba04s,4,2020-04-26 16:10:58.952724
user_28,laba04s,5,2020-04-26 16:13:14.081017
user_12,laba04s,2,2020-04-26 16:14:14.347222
user_12,laba04s,3,2020-04-26 16:26:34.019839
user_28,laba04s,6,2020-04-26 16:29:04.966630
user_13,laba04,11,2020-04-26 16:31:08.074997
user_28,laba04s,7,2020-04-26 16:32:11.261765
user_28,laba04s,8,2020-04-26 16:34:46.984498
user_20,laba04s,4,2020-04-26 16:54:08.875596
user_1,laba04,1,2020-04-26 17:06:18.462708
user_1,laba04,2,2020-04-26 17:06:58.614501
user_1,laba04,3,2020-04-26 17:10:05.942923
user_1,laba04,4,2020-04-26 17:11:01.287640
user_1,laba04s,1,2020-04-26 17:12:11.843671
user_4,code_rvw,8,2020-04-26 17:12:28.684452
user_12,laba04s,4,2020-04-26 17:18:27.417920
user_12,laba04s,5,2020-04-26 17:30:00.933154
user_13,laba04,12,2020-04-26 17:35:44.363862
user_14,code_rvw,16,2020-04-26 18:04:27.204349
user_27,laba04s,1,2020-04-26 18:12:15.591116
user_27,laba04s,2,2020-04-26 18:13:10.314490
user_21,code_rvw,2,2020-04-26 18:30:33.348278
user_21,code_rvw,3,2020-04-26 18:32:54.790147
user_21,code_rvw,4,2020-04-26 18:34:52.325125
user_13,laba04,13,2020-04-26 18:49:01.194376
user_29,code_rvw,4,2020-04-26 18:49:15.405920
user_28,code_rvw,5,2020-04-26 18:50:21.599061
user_29,code_rvw,5,2020-04-26 18:51:46.239135
user_28,code_rvw,6,2020-04-26 18:55:57.077192
user_25,code_rvw,2,2020-04-26 18:56:06.275849
user_29,code_rvw,6,2020-04-26 18:56:41.953701
user_29,code_rvw,7,2020-04-26 18:59:32.871161
user_25,code_rvw,3,2020-04-26 19:00:49.609102
user_29,code_rvw,8,2020-04-26 19:01:26.502785
user_28,code_rvw,7,2020-04-26 19:03:17.915930
user_1,code_rvw,2,2020-04-26 19:06:58.949373
user_1,code_rvw,3,2020-04-26 19:07:19.675139
user_1,code_rvw,4,2020-04-26 19:09:05.732923
user_25,code_rvw,4,2020-04-26 19:09:12.092320
user_1,code_rvw,5,2020-04-26 19:11:53.702975
user_21,code_rvw,5,2020-04-26 19:13:23.663589
user_12,laba04s,6,2020-04-26 19:14:12.634664
user_1,code_rvw,6,2020-04-26 19:18:19.755934
user_20,laba04s,5,2020-04-26 19:20:42.723722
user_27,laba04s,3,2020-04-26 19:26:04.565046
user_27,laba04s,4,2020-04-26 19:28:08.123886
user_13,laba04,14,2020-04-26 19:33:25.233597
user_25,code_rvw,5,2020-04-26 19:36:11.372993
user_28,code_rvw,8,2020-04-26 19:42:08.218431
user_18,laba04,1,2020-04-26 19:48:11.822365
user_19,laba04,43,2020-04-26 19:49:05.115966
user_1,code_rvw,7,2020-04-26 19:50:04.830718
user_20,code_rvw,2,2020-04-26 19:55:46.884638
user_25,code_rvw,6,2020-04-26 19:57:16.630976
user_19,laba04,44,2020-04-26 19:58:03.742435
user_25,code_rvw,7,2020-04-26 19:59:13.384793
user_25,code_rvw,8,2020-04-26 20:00:14.492032
user_27,laba04s,5,2020-04-26 20:03:10.912081
user_18,laba04s,1,2020-04-26 20:03:56.935458
user_18,laba04s,2,2020-04-26 20:05:51.704679
user_25,code_rvw,9,2020-04-26 20:10:36.585309
user_25,code_rvw,10,2020-04-26 20:11:05.846723
user_25,code_rvw,11,2020-04-26 20:14:43.971754
user_19,laba04,45,2020-04-26 20:16:52.796653
user_25,code_rvw,12,2020-04-26 20:19:50.788005
user_1,code_rvw,8,2020-04-26 20:20:08.748707
user_15,laba04,1,2020-04-26 20:20:37.147886
user_15,laba04,2,2020-04-26 20:21:04.904685
user_15,laba04,3,2020-04-26 20:21:32.942996
user_20,laba04s,6,2020-04-26 20:24:49.800040
user_15,laba04,4,2020-04-26 20:25:13.000406
user_15,laba04,5,2020-04-26 20:25:21.097330
user_15,laba04,6,2020-04-26 20:25:35.508207
user_16,laba04,5,2020-04-26 20:25:45.113543
user_16,laba04,6,2020-04-26 20:25:55.176286
user_16,laba04,7,2020-04-26 20:26:22.709701
user_16,laba04,8,2020-04-26 20:26:26.387252
user_28,code_rvw,9,2020-04-26 20:28:47.600482
user_27,laba04s,6,2020-04-26 20:38:24.173422
user_27,laba04s,7,2020-04-26 20:47:54.981197
user_27,laba04s,8,2020-04-26 20:52:12.782699
user_16,laba04,9,2020-04-26 20:58:32.126575
user_20,laba04s,7,2020-04-26 21:02:45.408135
user_25,laba04s,1,2020-04-26 21:07:56.952117
user_25,laba04s,2,2020-04-26 21:14:41.246557
user_25,laba04s,3,2020-04-26 21:17:43.408590
user_25,laba04s,4,2020-04-26 21:18:09.722604
user_25,laba04s,5,2020-04-26 21:21:04.648854
user_25,laba04s,6,2020-04-26 21:24:33.834534
user_25,laba04s,7,2020-04-26 21:27:14.798060
user_27,laba04s,9,2020-04-26 21:47:01.391071
user_27,laba04,1,2020-04-26 21:47:14.819957
user_13,laba04,15,2020-04-26 22:19:59.143064
user_13,laba04s,1,2020-04-26 22:21:04.093297
user_13,laba04s,2,2020-04-26 22:22:59.663100
user_13,laba04s,3,2020-04-26 23:02:08.638967
user_12,laba04s,7,2020-04-27 03:45:20.301858
user_20,laba04s,8,2020-04-27 08:29:08.135926
user_25,laba04s,8,2020-04-27 21:06:34.734565
user_28,laba04s,9,2020-04-28 11:15:32.037489
user_28,laba04s,10,2020-04-28 11:41:53.997581
user_22,laba05,1,2020-04-28 16:53:45.762540
user_4,laba05,1,2020-04-29 20:24:43.942138
user_4,laba05,2,2020-04-29 20:26:37.401628
user_20,laba04s,9,2020-04-29 20:28:54.644959
user_4,laba05,3,2020-04-29 20:35:59.135874
user_4,laba05,4,2020-04-29 20:39:51.827555
user_4,laba05,5,2020-04-29 20:42:34.113013
user_20,laba04s,10,2020-04-29 22:29:56.850616
user_20,laba04s,11,2020-04-29 22:56:13.162286
user_20,laba04s,12,2020-04-29 22:56:41.546313
user_20,laba04s,13,2020-04-30 05:13:24.357270
user_20,laba04s,14,2020-04-30 07:42:15.227056
user_26,code_rvw,2,2020-04-30 10:04:34.388844
user_26,code_rvw,3,2020-04-30 10:07:07.184324
user_26,code_rvw,4,2020-04-30 10:09:58.118911
user_26,code_rvw,5,2020-04-30 10:11:46.173351
user_14,laba05,1,2020-04-30 11:33:04.523118
user_20,laba04s,15,2020-04-30 15:41:07.070961
user_20,laba04s,16,2020-04-30 15:42:15.245806
user_10,code_rvw,4,2020-04-30 18:03:56.938278
user_26,laba05,1,2020-04-30 18:05:56.025588
user_26,laba05,2,2020-04-30 18:21:30.618309
user_26,laba05,3,2020-04-30 18:44:07.162108
user_26,laba05,4,2020-04-30 18:44:16.457268
user_26,laba05,5,2020-04-30 18:44:42.069896
user_29,laba05,1,2020-04-30 19:12:27.296019
user_29,laba05,2,2020-04-30 19:18:32.432096
user_29,laba05,3,2020-04-30 19:21:12.427084
user_29,laba05,4,2020-04-30 19:22:23.667663
user_29,laba05,5,2020-04-30 19:22:31.307210
user_29,laba05,6,2020-04-30 19:22:46.861541
user_20,laba04s,17,2020-04-30 19:23:23.339670
user_29,laba05,7,2020-04-30 19:24:31.448801
user_29,laba05,8,2020-04-30 19:25:50.494196
user_29,laba05,9,2020-04-30 19:29:12.872467
user_29,laba05,10,2020-04-30 19:30:24.487551
user_29,laba05,11,2020-04-30 19:32:33.202358
user_29,laba05,12,2020-04-30 19:33:29.815964
user_29,lab05s,1,2020-05-01 06:55:02.780101
user_26,laba05,6,2020-05-01 11:07:51.872817
user_3,laba05,1,2020-05-01 11:29:17.988118
user_3,laba05,2,2020-05-01 11:34:49.944703
user_3,laba05,3,2020-05-01 11:37:30.301830
user_25,laba05,1,2020-05-01 13:02:27.357650
user_31,laba05,1,2020-05-01 13:14:49.160160
user_31,laba05,2,2020-05-01 18:12:59.499804
user_28,laba05,1,2020-05-01 18:29:11.968537
user_31,laba05,3,2020-05-01 18:34:27.560236
user_31,laba05,4,2020-05-01 18:34:36.300008
user_31,laba05,5,2020-05-01 18:36:04.688510
user_31,laba05,6,2020-05-01 18:37:49.346219
user_31,laba05,7,2020-05-01 18:39:25.724347
user_31,laba05,8,2020-05-01 18:39:56.494818
user_31,laba05,9,2020-05-01 18:40:30.622029
user_31,laba05,10,2020-05-01 18:43:57.609080
user_31,laba05,11,2020-05-01 18:44:47.966800
user_31,laba05,12,2020-05-01 18:45:27.659890
user_31,laba05,13,2020-05-01 19:01:08.507683
user_31,laba05,14,2020-05-01 19:02:37.243607
user_28,laba05,2,2020-05-01 19:06:58.087627
user_31,laba05,15,2020-05-01 19:09:52.640127
user_31,laba05,16,2020-05-01 19:16:38.680150
user_28,laba05,3,2020-05-01 19:16:40.626089
user_10,laba05,1,2020-05-01 19:27:26.063245
user_30,laba05,1,2020-05-01 19:31:18.375833
user_30,laba05,2,2020-05-01 19:40:22.465825
user_31,laba05,17,2020-05-01 21:12:53.760791
user_31,laba05,18,2020-05-01 21:17:11.658924
user_20,laba05,1,2020-05-01 22:48:55.288158
user_20,laba05,2,2020-05-01 22:50:31.303428
user_20,laba05,3,2020-05-01 22:58:11.937216
user_20,laba05,4,2020-05-01 22:59:24.208183
user_14,lab05s,1,2020-05-02 07:34:08.987744
user_14,lab05s,2,2020-05-02 07:34:37.763907
user_3,lab05s,1,2020-05-02 08:06:10.075994
user_30,laba05,3,2020-05-02 09:31:38.448199
user_17,lab05s,1,2020-05-02 10:23:18.213323
user_31,laba05,19,2020-05-02 11:00:15.357469
user_30,laba05,4,2020-05-02 11:15:03.948487
user_30,laba05,5,2020-05-02 11:15:34.551244
user_30,laba05,6,2020-05-02 11:17:31.960985
user_30,laba05,7,2020-05-02 11:19:31.991589
user_31,laba05,20,2020-05-02 11:21:04.208139
user_30,laba05,8,2020-05-02 11:21:24.671487
user_30,laba05,9,2020-05-02 11:21:35.536576
user_31,laba05,21,2020-05-02 11:21:44.497354
user_31,laba05,22,2020-05-02 11:22:16.790430
user_30,laba05,10,2020-05-02 11:24:38.784135
user_31,laba05,23,2020-05-02 11:27:44.544795
user_31,laba05,24,2020-05-02 11:27:53.531501
user_31,laba05,25,2020-05-02 11:28:45.670591
user_31,laba05,26,2020-05-02 11:29:19.401844
user_31,laba05,27,2020-05-02 11:29:37.517488
user_31,laba05,28,2020-05-02 11:29:51.490686
user_31,laba05,29,2020-05-02 11:30:07.470026
user_31,laba05,30,2020-05-02 11:30:22.243902
user_31,laba05,31,2020-05-02 11:31:00.363892
user_31,laba05,32,2020-05-02 11:31:16.990561
user_31,laba05,33,2020-05-02 11:31:34.775266
user_31,laba05,34,2020-05-02 11:31:47.906239
user_31,laba05,35,2020-05-02 11:32:21.297609
user_31,laba05,36,2020-05-02 11:33:01.422405
user_31,laba05,37,2020-05-02 11:33:06.096214
user_31,laba05,38,2020-05-02 11:33:21.243092
user_31,laba05,39,2020-05-02 11:33:38.577610
user_31,laba05,40,2020-05-02 11:35:11.159706
user_31,laba05,41,2020-05-02 11:35:45.013452
user_31,laba05,42,2020-05-02 11:36:00.306139
user_31,laba05,43,2020-05-02 11:38:22.694894
user_31,laba05,44,2020-05-02 11:38:45.428875
user_31,laba05,45,2020-05-02 11:39:12.312002
user_31,laba05,46,2020-05-02 11:39:41.675489
user_31,laba05,47,2020-05-02 11:39:53.254811
user_31,laba05,48,2020-05-02 11:40:23.013041
user_31,laba05,49,2020-05-02 11:40:36.710668
user_31,laba05,50,2020-05-02 11:40:58.657485
user_31,laba05,51,2020-05-02 11:41:13.594120
user_31,laba05,52,2020-05-02 11:53:47.161856
user_31,laba05,53,2020-05-02 11:53:52.851911
user_31,laba05,54,2020-05-02 12:02:24.148454
user_31,laba05,55,2020-05-02 12:02:47.080008
user_31,laba05,56,2020-05-02 12:02:49.842298
user_30,laba05,11,2020-05-02 12:02:56.743596
user_31,laba05,57,2020-05-02 12:03:13.028898
user_30,laba05,12,2020-05-02 12:03:25.294393
user_31,laba05,58,2020-05-02 12:04:37.598361
user_31,laba05,59,2020-05-02 12:06:37.356484
user_31,laba05,60,2020-05-02 12:07:24.945909
user_26,lab05s,1,2020-05-02 12:08:48.303560
user_17,laba05,1,2020-05-02 13:21:24.045876
user_17,laba05,2,2020-05-02 13:21:27.308196
user_8,laba05,1,2020-05-02 13:28:07.705193
user_8,laba05,2,2020-05-02 13:33:42.129019
user_8,laba05,3,2020-05-02 13:41:40.065238
user_17,laba05,3,2020-05-02 13:42:54.739732
user_17,laba05,4,2020-05-02 13:43:01.855787
user_17,laba05,5,2020-05-02 13:44:05.300667
user_17,laba05,6,2020-05-02 13:44:09.437118
user_17,laba05,7,2020-05-02 13:44:13.394964
user_8,laba05,4,2020-05-02 13:47:18.770842
user_17,laba05,8,2020-05-02 13:48:02.558762
user_8,laba05,5,2020-05-02 13:48:36.112632
user_8,laba05,6,2020-05-02 13:53:00.391653
user_21,laba05,1,2020-05-02 14:05:40.013959
user_21,laba05,2,2020-05-02 14:13:48.471621
user_21,laba05,3,2020-05-02 14:13:54.435610
user_21,laba05,4,2020-05-02 14:14:12.568465
user_21,laba05,5,2020-05-02 14:20:05.105689
user_21,laba05,6,2020-05-02 14:22:16.010812
user_24,laba05,1,2020-05-02 14:32:54.652575
user_8,laba05,7,2020-05-02 14:33:02.936754
user_29,code_rvw,9,2020-05-02 14:38:07.977188
user_8,laba05,8,2020-05-02 14:44:16.134131
user_21,laba05,7,2020-05-02 14:48:03.879903
user_24,laba05,2,2020-05-02 14:48:18.745613
user_21,laba05,8,2020-05-02 14:52:22.294883
user_21,laba05,9,2020-05-02 14:53:21.160250
user_8,laba05,9,2020-05-02 14:53:43.742408
user_8,laba05,10,2020-05-02 15:01:22.289016
user_8,laba05,11,2020-05-02 15:01:42.452032
user_8,laba05,12,2020-05-02 15:02:08.873228
user_8,laba05,13,2020-05-02 15:05:39.470529
user_8,laba05,14,2020-05-02 15:08:31.337637
user_8,laba05,15,2020-05-02 15:10:53.978354
user_19,laba05,1,2020-05-02 15:16:13.586405
user_15,laba05,1,2020-05-02 15:28:12.028037
user_8,laba05,16,2020-05-02 15:34:16.686342
user_24,laba05,3,2020-05-02 15:58:18.711651
user_8,laba05,17,2020-05-02 16:05:13.151520
user_24,laba05,4,2020-05-02 16:05:32.211420
user_21,laba05,10,2020-05-02 16:08:43.304048
user_19,laba05,2,2020-05-02 16:23:13.384006
user_19,laba05,3,2020-05-02 16:27:18.614927
user_8,laba05,18,2020-05-02 16:33:36.619404
user_24,laba05,5,2020-05-02 16:34:08.294006
user_8,laba05,19,2020-05-02 16:35:57.798182
user_8,laba05,20,2020-05-02 16:36:22.163367
user_24,laba05,6,2020-05-02 16:37:38.954379
user_24,laba05,7,2020-05-02 16:39:16.740463
user_24,laba05,8,2020-05-02 16:59:31.126802
user_24,code_rvw,1,2020-05-02 17:05:22.121309
user_15,lab05s,1,2020-05-02 17:20:49.594430
user_1,laba05,1,2020-05-02 19:15:18.540185
user_13,laba05,1,2020-05-02 19:31:35.398386
user_13,laba05,2,2020-05-02 19:33:14.599051
user_13,laba05,3,2020-05-02 19:39:52.513910
user_13,laba05,4,2020-05-02 19:40:23.337141
user_13,laba05,5,2020-05-02 19:44:11.544811
user_13,laba05,6,2020-05-02 20:03:44.111768
user_13,laba05,7,2020-05-02 20:06:43.418075
user_13,laba05,8,2020-05-02 20:07:34.452441
user_13,laba05,9,2020-05-02 20:55:12.132613
user_2,laba05,1,2020-05-02 23:02:25.504978
user_2,laba05,2,2020-05-02 23:07:27.852183
user_2,laba05,3,2020-05-02 23:10:35.833404
user_2,laba05,4,2020-05-02 23:13:47.208952
user_2,laba05,5,2020-05-02 23:18:42.038033
user_2,laba05,6,2020-05-02 23:22:16.883548
user_6,laba05,1,2020-05-02 23:22:22.599308
user_2,laba05,7,2020-05-02 23:41:11.127450
user_2,laba05,8,2020-05-02 23:42:30.370438
user_12,laba05,1,2020-05-03 08:39:25.174316
user_12,laba05,2,2020-05-03 08:42:46.754751
user_12,laba05,3,2020-05-03 08:47:33.210783
user_12,laba05,4,2020-05-03 08:49:52.151516
user_12,laba05,5,2020-05-03 08:52:30.160185
user_14,code_rvw,17,2020-05-03 08:55:57.814519
user_14,code_rvw,18,2020-05-03 08:55:59.870289
user_12,laba05,6,2020-05-03 09:13:38.419734
user_12,laba05,7,2020-05-03 09:21:31.626882
user_12,laba05,8,2020-05-03 09:39:02.998318
user_22,project1,1,2020-05-03 09:40:17.997045
user_12,laba05,9,2020-05-03 09:43:52.418688
user_12,laba05,10,2020-05-03 09:54:46.395353
user_12,laba05,11,2020-05-03 10:04:36.471005
user_12,laba05,12,2020-05-03 10:10:12.114753
user_12,laba05,13,2020-05-03 10:20:54.711853
user_12,laba05,14,2020-05-03 10:24:05.391951
user_12,laba05,15,2020-05-03 10:57:06.350907
user_12,laba05,16,2020-05-03 11:00:51.317397
user_12,laba05,17,2020-05-03 11:12:43.846509
user_12,laba05,18,2020-05-03 11:22:44.332024
user_4,lab05s,1,2020-05-03 11:23:37.318696
user_12,laba05,19,2020-05-03 11:24:10.600666
user_12,laba05,20,2020-05-03 11:32:32.059416
user_12,laba05,21,2020-05-03 11:41:46.919428
user_24,lab05s,1,2020-05-03 12:17:12.113972
user_4,lab05s,2,2020-05-03 12:21:27.782685
user_12,laba05,22,2020-05-03 12:23:41.261027
user_30,lab05s,1,2020-05-03 12:27:10.100749
user_12,laba05,23,2020-05-03 12:35:39.461669
user_12,laba05,24,2020-05-03 12:37:36.197088
user_30,lab05s,2,2020-05-03 12:41:38.269917
user_12,laba05,25,2020-05-03 12:52:48.014415
user_18,laba05,1,2020-05-03 13:01:34.848756
user_12,laba05,26,2020-05-03 13:02:08.765278
user_12,laba05,27,2020-05-03 13:12:44.923788
user_12,laba05,28,2020-05-03 13:21:45.973512
user_4,project1,28,2020-05-03 13:32:25.579905
user_4,project1,29,2020-05-03 13:36:56.596956
user_12,laba05,29,2020-05-03 13:52:24.270275
user_4,project1,30,2020-05-03 13:54:52.035196
user_4,project1,31,2020-05-03 13:57:35.941160
user_4,project1,32,2020-05-03 13:59:58.032459
user_12,laba05,30,2020-05-03 14:05:26.030812
user_12,laba05,31,2020-05-03 14:13:26.200154
user_30,project1,3,2020-05-03 14:19:58.622276
user_12,laba05,32,2020-05-03 14:21:36.643579
user_12,laba05,33,2020-05-03 14:23:30.827629
user_4,project1,33,2020-05-03 14:25:36.354880
user_4,project1,34,2020-05-03 14:31:15.526566
user_4,project1,35,2020-05-03 14:32:41.411456
user_30,project1,4,2020-05-03 14:37:08.736970
user_27,laba05,1,2020-05-03 14:49:57.614638
user_27,laba05,2,2020-05-03 15:01:01.811682
user_27,laba05,3,2020-05-03 15:03:08.767795
user_27,laba05,4,2020-05-03 15:08:48.557817
user_27,laba05,5,2020-05-03 15:09:37.332951
user_19,laba04,46,2020-05-03 15:47:20.828524
user_20,lab05s,1,2020-05-03 15:58:01.300283
user_31,code_rvw,2,2020-05-03 18:24:14.151165
user_31,code_rvw,3,2020-05-03 18:24:34.941060
user_31,code_rvw,4,2020-05-03 18:27:48.117849
user_3,lab05s,2,2020-05-03 18:33:28.469930
user_30,code_rvw,3,2020-05-03 18:44:45.384361
user_25,lab05s,2,2020-05-03 18:49:07.819773
user_28,code_rvw,10,2020-05-03 18:51:22.302345
user_15,lab05s,2,2020-05-03 18:52:47.059914
user_21,code_rvw,6,2020-05-03 18:54:11.114953
user_15,code_rvw,6,2020-05-03 19:00:19.129601
user_15,code_rvw,7,2020-05-03 19:01:28.103349
user_15,code_rvw,8,2020-05-03 19:04:18.934670
user_4,lab05s,2,2020-05-03 19:13:36.289921
user_2,lab05s,1,2020-05-03 19:25:50.255387
user_2,lab05s,2,2020-05-03 19:26:45.643100
user_8,code_rvw,17,2020-05-03 19:42:59.216829
user_8,lab05s,2,2020-05-03 19:45:06.248580
user_19,lab05s,2,2020-05-03 20:03:10.522711
user_19,code_rvw,2,2020-05-03 20:06:11.254556
user_4,code_rvw,9,2020-05-03 20:13:02.874224
user_19,code_rvw,3,2020-05-03 20:13:59.132436
user_25,code_rvw,13,2020-05-03 20:21:19.880544
user_1,lab05s,1,2020-05-03 20:27:06.316718
user_1,lab05s,2,2020-05-03 20:27:26.508284
user_1,lab05s,3,2020-05-03 20:28:47.978177
user_1,lab05s,4,2020-05-03 20:31:14.765052
user_1,lab05s,5,2020-05-03 20:31:25.907881
user_1,lab05s,6,2020-05-03 20:33:26.557446
user_1,lab05s,7,2020-05-03 20:33:37.787403
user_1,lab05s,8,2020-05-03 20:37:15.081142
user_20,lab05s,2,2020-05-03 20:38:40.280097
user_20,code_rvw,3,2020-05-03 20:38:59.530694
user_1,lab05s,9,2020-05-03 20:39:11.612888
user_20,lab05s,3,2020-05-03 20:40:19.917977
user_1,code_rvw,9,2020-05-03 20:45:20.379244
user_1,lab05s,2,2020-05-03 20:45:59.429395
user_11,laba05,1,2020-05-03 21:06:55.970293
user_11,laba05,2,2020-05-03 21:08:27.522175
user_11,laba05,3,2020-05-03 21:18:20.033487
user_11,laba05,4,2020-05-03 21:18:25.613286
user_11,project1,1,2020-05-03 23:45:33.673409
user_30,project1,5,2020-05-04 08:12:17.805617
user_14,code_rvw,19,2020-05-04 08:31:38.500068
user_31,lab05s,2,2020-05-04 09:15:57.032274
user_17,code_rvw,11,2020-05-04 10:03:42.282223
user_17,code_rvw,12,2020-05-04 10:03:56.910465
user_17,code_rvw,13,2020-05-04 10:08:08.903251
user_4,project1,36,2020-05-04 12:33:56.686728
user_4,project1,37,2020-05-04 12:35:33.082093
user_4,project1,38,2020-05-04 12:41:56.825192
user_4,project1,39,2020-05-04 12:45:33.882590
user_4,project1,40,2020-05-04 12:49:36.544064
user_4,project1,41,2020-05-04 13:38:27.884119
user_4,project1,42,2020-05-04 14:06:57.553534
user_4,project1,43,2020-05-04 14:08:21.691498
user_4,project1,44,2020-05-04 14:18:54.224688
user_4,project1,45,2020-05-04 14:28:53.469073
user_4,project1,46,2020-05-04 14:57:12.725343
user_4,project1,47,2020-05-04 14:58:38.346497
user_4,project1,48,2020-05-04 15:16:28.714984
user_26,lab05s,2,2020-05-05 08:12:04.595422
user_2,project1,1,2020-05-05 09:11:34.305155
user_2,project1,2,2020-05-05 09:18:50.305160
user_2,project1,3,2020-05-05 09:20:10.634344
user_2,project1,4,2020-05-05 09:38:05.208410
user_2,project1,5,2020-05-05 09:42:55.751044
user_2,project1,6,2020-05-05 09:46:42.375621
user_2,project1,7,2020-05-05 09:56:59.045105
user_2,project1,8,2020-05-05 10:00:50.697869
user_2,project1,9,2020-05-05 10:05:56.562869
user_2,project1,10,2020-05-05 10:06:22.028127
user_24,laba06,1,2020-05-05 10:11:44.894588
user_2,project1,11,2020-05-05 10:12:16.915929
user_2,project1,12,2020-05-05 10:15:11.661058
user_2,project1,13,2020-05-05 10:18:34.817476
user_2,project1,14,2020-05-05 10:20:15.335830
user_2,project1,15,2020-05-05 10:21:14.830652
user_2,project1,16,2020-05-05 10:22:53.032737
user_2,project1,17,2020-05-05 10:26:26.489860
user_2,project1,18,2020-05-05 10:29:53.684575
user_2,project1,19,2020-05-05 10:30:30.042049
user_2,project1,20,2020-05-05 10:31:27.121438
user_2,project1,21,2020-05-05 10:33:41.731426
user_2,project1,22,2020-05-05 10:36:27.974148
user_2,project1,23,2020-05-05 10:37:04.995798
user_2,project1,24,2020-05-05 10:38:48.292932
user_2,project1,25,2020-05-05 10:41:41.690041
user_2,project1,26,2020-05-05 10:47:19.329744
user_2,project1,27,2020-05-05 10:48:16.013684
user_2,project1,28,2020-05-05 10:48:53.306216
user_2,project1,29,2020-05-05 11:36:01.057379
user_2,project1,30,2020-05-05 11:36:54.747086
user_2,project1,31,2020-05-05 11:38:45.641799
user_2,project1,32,2020-05-05 11:40:03.086289
user_2,project1,33,2020-05-05 11:40:42.400258
user_2,project1,34,2020-05-05 11:41:54.334393
user_2,project1,35,2020-05-05 11:43:52.982845
user_2,project1,36,2020-05-05 11:50:32.407613
user_2,project1,37,2020-05-05 11:53:23.547357
user_2,project1,38,2020-05-05 11:55:22.440469
user_2,project1,39,2020-05-05 11:58:20.178673
user_2,project1,40,2020-05-05 11:59:31.199897
user_2,project1,41,2020-05-05 12:00:31.191683
user_2,project1,42,2020-05-05 12:01:27.051094
user_2,project1,43,2020-05-05 12:02:15.921601
user_2,project1,44,2020-05-05 12:02:49.489809
user_2,project1,45,2020-05-05 12:04:26.260572
user_2,project1,46,2020-05-05 12:14:44.554805
user_2,project1,47,2020-05-05 12:36:25.726506
user_2,project1,48,2020-05-05 12:38:23.346539
user_4,project1,49,2020-05-05 12:38:36.803616
user_2,project1,49,2020-05-05 12:40:15.964746
user_2,project1,50,2020-05-05 12:46:44.645926
user_2,project1,51,2020-05-05 12:49:36.003011
user_2,project1,52,2020-05-05 12:52:38.051580
user_2,project1,53,2020-05-05 12:55:55.089647
user_2,project1,54,2020-05-05 12:56:32.026683
user_24,laba06s,1,2020-05-05 13:14:34.980330
user_24,laba06s,2,2020-05-05 13:19:43.212691
user_24,laba06s,3,2020-05-05 13:23:42.892360
user_24,laba06s,4,2020-05-05 13:34:14.173130
user_4,project1,50,2020-05-05 13:34:35.632541
user_24,laba06s,5,2020-05-05 13:49:46.144409
user_24,laba06s,6,2020-05-05 13:53:04.709472
user_24,laba06s,7,2020-05-05 13:58:12.683763
user_2,project1,55,2020-05-05 14:39:22.854583
user_4,project1,51,2020-05-05 15:42:14.613883
user_4,project1,52,2020-05-05 15:44:45.310373
user_4,project1,53,2020-05-05 15:52:53.190665
user_2,project1,56,2020-05-05 20:29:26.746521
user_14,project1,1,2020-05-05 21:35:43.554986
user_2,project1,57,2020-05-05 22:11:29.731692
user_2,project1,58,2020-05-06 07:24:22.264868
user_4,project1,54,2020-05-07 10:41:29.235349
user_4,project1,55,2020-05-07 10:47:03.805634
user_4,project1,56,2020-05-07 10:48:07.647500
user_4,project1,57,2020-05-07 10:54:29.360022
user_4,project1,58,2020-05-07 11:08:56.621011
user_4,project1,59,2020-05-07 11:11:16.187017
user_4,project1,60,2020-05-07 11:12:34.077395
user_4,project1,61,2020-05-07 12:49:28.327631
user_31,project1,1,2020-05-07 14:13:06.522558
user_30,project1,6,2020-05-07 14:51:08.269176
user_30,project1,7,2020-05-07 15:12:57.621015
user_30,project1,8,2020-05-07 15:17:02.059206
user_30,project1,9,2020-05-07 15:20:06.933685
user_30,project1,10,2020-05-07 15:27:43.508245
user_30,project1,11,2020-05-07 15:30:25.804582
user_30,project1,12,2020-05-07 17:12:27.726705
user_4,project1,62,2020-05-07 20:38:18.383387
user_4,project1,63,2020-05-07 20:46:15.511323
user_3,project1,1,2020-05-07 21:02:52.885133
user_4,project1,64,2020-05-07 21:13:53.020272
user_4,project1,65,2020-05-07 21:23:29.192756
user_4,project1,66,2020-05-07 21:31:02.043365
user_4,project1,67,2020-05-07 21:35:11.861185
user_4,project1,68,2020-05-07 21:37:04.107974
user_4,project1,69,2020-05-07 21:40:11.718405
user_4,project1,70,2020-05-07 21:55:43.618597
user_4,project1,71,2020-05-07 21:59:47.522759
user_25,project1,1,2020-05-08 11:10:28.100852
user_25,project1,2,2020-05-08 11:55:55.950222
user_3,project1,2,2020-05-08 15:28:04.548429
user_3,project1,3,2020-05-08 15:32:36.465523
user_3,project1,4,2020-05-08 15:40:14.213767
user_3,project1,5,2020-05-08 15:40:39.893645
user_3,project1,6,2020-05-08 15:44:35.171036
user_3,project1,7,2020-05-08 15:51:27.753331
user_3,project1,8,2020-05-08 16:03:13.774615
user_3,project1,9,2020-05-08 16:04:50.836532
user_3,project1,10,2020-05-08 16:40:41.114474
user_3,project1,11,2020-05-08 16:52:04.036727
user_3,project1,12,2020-05-08 16:52:11.859327
user_3,project1,13,2020-05-08 16:53:21.400836
user_3,project1,14,2020-05-08 17:05:06.920546
user_3,project1,15,2020-05-08 17:07:36.564677
user_3,project1,16,2020-05-08 17:08:31.557353
user_3,project1,17,2020-05-08 17:22:16.476459
user_3,project1,18,2020-05-08 17:40:10.402466
user_3,project1,19,2020-05-08 17:41:28.893625
user_3,project1,20,2020-05-08 17:42:28.383945
user_3,project1,21,2020-05-08 17:43:38.064059
user_3,project1,22,2020-05-08 17:49:16.753320
user_3,project1,23,2020-05-08 18:02:27.628846
user_3,project1,24,2020-05-08 18:59:32.726615
user_3,project1,25,2020-05-08 19:03:49.176404
user_3,project1,26,2020-05-08 19:04:59.487977
user_3,project1,27,2020-05-08 19:06:19.168776
user_3,project1,28,2020-05-08 19:10:43.914134
user_4,project1,72,2020-05-08 20:14:07.094255
user_4,project1,73,2020-05-08 20:16:46.673100
user_4,project1,74,2020-05-08 20:23:49.278114
user_4,project1,75,2020-05-08 20:32:09.779544
user_4,project1,76,2020-05-08 20:35:58.005613
user_4,project1,77,2020-05-08 20:38:14.838272
user_4,project1,78,2020-05-08 20:40:14.915674
user_4,project1,79,2020-05-08 20:43:47.834698
user_4,project1,80,2020-05-08 20:45:49.243839
user_25,project1,3,2020-05-08 20:55:15.447604
user_25,project1,4,2020-05-08 21:22:12.517647
user_4,project1,81,2020-05-08 21:51:22.617530
user_4,project1,82,2020-05-08 21:53:27.100445
user_4,project1,83,2020-05-08 21:55:45.158723
user_25,project1,5,2020-05-08 22:01:11.389542
user_25,project1,6,2020-05-09 12:10:49.730917
user_31,project1,2,2020-05-09 14:48:08.929697
user_31,project1,3,2020-05-09 14:48:20.530216
user_14,project1,2,2020-05-09 14:50:10.430711
user_3,project1,29,2020-05-09 14:51:01.541237
user_31,project1,4,2020-05-09 15:05:49.292202
user_25,project1,7,2020-05-09 18:27:31.563406
user_25,project1,8,2020-05-09 18:55:45.840682
user_25,project1,9,2020-05-09 19:03:43.545941
user_25,project1,10,2020-05-09 19:06:06.646631
user_25,project1,11,2020-05-09 20:05:05.175369
user_25,project1,12,2020-05-09 20:53:26.057377
user_14,project1,3,2020-05-09 21:13:48.922733
user_25,project1,13,2020-05-09 21:17:04.930469
user_25,project1,14,2020-05-09 21:25:26.047128
user_14,project1,4,2020-05-09 21:25:27.084039
user_25,project1,15,2020-05-09 21:27:06.264888
user_25,project1,16,2020-05-09 21:31:50.885552
user_25,project1,17,2020-05-09 21:42:32.758667
user_25,project1,18,2020-05-09 22:10:36.726871
user_25,project1,19,2020-05-09 22:13:14.414262
user_14,project1,5,2020-05-09 22:13:54.080293
user_25,project1,20,2020-05-09 22:15:03.708287
user_25,project1,21,2020-05-09 22:16:47.317166
user_25,project1,22,2020-05-09 22:17:48.528539
user_25,project1,23,2020-05-09 22:19:08.128175
user_25,project1,24,2020-05-09 22:22:42.980833
user_14,project1,6,2020-05-09 22:26:28.686896
user_25,project1,25,2020-05-09 22:26:47.238720
user_25,project1,26,2020-05-09 22:29:06.271102
user_14,project1,7,2020-05-09 22:30:33.922449
user_25,project1,27,2020-05-09 22:30:35.721527
user_14,project1,8,2020-05-09 22:35:29.588474
user_14,project1,9,2020-05-09 22:46:49.828057
user_14,project1,10,2020-05-09 22:51:04.017913
user_14,project1,11,2020-05-09 22:54:42.070822
user_14,project1,12,2020-05-09 22:56:36.312602
user_14,project1,13,2020-05-09 23:05:49.709477
user_14,project1,14,2020-05-09 23:12:55.390755
user_14,project1,15,2020-05-09 23:22:25.702581
user_14,project1,16,2020-05-09 23:38:43.890557
user_14,project1,17,2020-05-09 23:43:56.813888
user_14,project1,18,2020-05-09 23:49:54.821888
user_14,project1,19,2020-05-10 00:01:15.389331
user_14,project1,20,2020-05-10 01:09:08.355575
user_14,project1,21,2020-05-10 01:15:38.970639
user_14,project1,22,2020-05-10 01:31:30.875010
user_14,project1,23,2020-05-10 09:16:59.685230
user_26,project1,1,2020-05-10 12:54:08.820888
user_26,project1,2,2020-05-10 13:00:16.669801
user_26,project1,3,2020-05-10 13:02:04.673777
user_26,project1,4,2020-05-10 13:04:32.870054
user_26,project1,5,2020-05-10 13:15:22.246057
user_26,project1,6,2020-05-10 13:17:14.422888
user_26,project1,7,2020-05-10 13:17:41.130551
user_26,project1,8,2020-05-10 13:18:05.601416
user_26,project1,9,2020-05-10 13:18:23.114407
user_26,project1,10,2020-05-10 13:19:36.619165
user_26,project1,11,2020-05-10 13:20:25.046807
user_26,project1,12,2020-05-10 13:23:49.727910
user_26,project1,13,2020-05-10 13:31:10.549118
user_26,project1,14,2020-05-10 13:35:26.174632
user_26,project1,15,2020-05-10 13:35:58.590732
user_26,project1,16,2020-05-10 13:39:42.217340
user_26,project1,17,2020-05-10 13:43:42.987767
user_26,project1,18,2020-05-10 13:45:30.246161
user_30,project1,13,2020-05-10 13:50:25.930227
user_26,project1,19,2020-05-10 13:51:05.057274
user_26,project1,20,2020-05-10 13:52:52.469625
user_30,project1,14,2020-05-10 13:53:03.261591
user_26,project1,21,2020-05-10 13:54:35.205998
user_26,project1,22,2020-05-10 13:56:04.130089
user_28,code_rvw,11,2020-05-10 13:59:29.296399
user_29,code_rvw,10,2020-05-10 14:00:23.090503
user_30,project1,15,2020-05-10 14:04:06.567784
user_30,project1,16,2020-05-10 14:09:39.277544
user_30,project1,17,2020-05-10 14:13:55.441257
user_26,project1,23,2020-05-10 14:48:00.946244
user_26,project1,24,2020-05-10 14:49:40.692658
user_2,project1,59,2020-05-10 14:51:49.999064
user_26,project1,25,2020-05-10 14:56:30.272419
user_2,project1,60,2020-05-10 14:56:45.047666
user_26,project1,26,2020-05-10 15:05:29.742610
user_2,project1,61,2020-05-10 15:06:07.821487
user_26,project1,27,2020-05-10 15:07:07.189713
user_26,project1,28,2020-05-10 15:08:47.556901
user_26,project1,29,2020-05-10 15:09:12.607167
user_2,project1,62,2020-05-10 15:11:09.097956
user_26,project1,30,2020-05-10 15:20:22.594691
user_21,project1,1,2020-05-10 15:21:05.442755
user_21,project1,2,2020-05-10 15:23:32.923207
user_26,project1,31,2020-05-10 15:26:19.460505
user_14,project1,24,2020-05-10 15:35:52.207832
user_26,project1,32,2020-05-10 15:39:16.514727
user_14,project1,25,2020-05-10 15:47:11.965801
user_3,project1,30,2020-05-10 15:49:21.177905
user_21,project1,3,2020-05-10 16:12:40.682550
user_21,project1,4,2020-05-10 16:12:43.692346
user_26,project1,33,2020-05-10 16:28:03.914608
user_21,project1,5,2020-05-10 16:30:04.250618
user_26,project1,34,2020-05-10 16:30:20.004353
user_21,project1,6,2020-05-10 16:32:29.636519
user_26,project1,35,2020-05-10 16:33:32.295764
user_21,project1,7,2020-05-10 16:41:30.062149
user_30,code_rvw,4,2020-05-10 17:02:54.053056
user_3,project1,31,2020-05-10 17:55:37.215643
user_25,code_rvw,14,2020-05-10 19:24:56.476700
user_4,code_rvw,10,2020-05-10 19:29:54.797816
user_20,lab05s,2,2020-05-10 19:34:57.789828
user_25,project1,28,2020-05-10 19:43:56.190414
user_8,code_rvw,18,2020-05-10 19:56:10.756730
user_10,code_rvw,5,2020-05-10 19:56:13.592684
user_8,code_rvw,19,2020-05-10 19:57:56.915832
user_20,code_rvw,4,2020-05-10 20:13:57.883423
user_15,code_rvw,9,2020-05-10 20:44:52.626178
user_25,project1,29,2020-05-10 22:05:12.684912
user_17,code_rvw,14,2020-05-11 08:12:41.922369
user_18,project1,1,2020-05-11 10:10:04.166881
user_3,project1,32,2020-05-11 12:40:15.471163
user_3,project1,33,2020-05-11 12:44:01.989479
user_3,project1,34,2020-05-11 12:46:39.729316
user_25,project1,30,2020-05-11 13:54:34.144714
user_18,project1,2,2020-05-11 14:04:14.877082
user_18,project1,3,2020-05-11 14:08:08.392793
user_18,project1,4,2020-05-11 14:12:25.322995
user_18,project1,5,2020-05-11 14:17:42.247751
user_25,project1,31,2020-05-11 14:17:54.304785
user_18,project1,6,2020-05-11 14:22:00.520715
user_18,project1,7,2020-05-11 14:29:06.844613
user_20,project1,1,2020-05-11 16:23:35.041906
user_20,project1,2,2020-05-11 16:26:49.389266
user_20,project1,3,2020-05-11 16:32:28.395217
user_20,project1,4,2020-05-11 16:44:01.103532
user_20,project1,5,2020-05-11 16:46:20.885534
user_20,project1,6,2020-05-11 16:50:00.086808
user_20,project1,7,2020-05-11 16:52:11.468089
user_20,project1,8,2020-05-11 16:53:49.563069
user_31,project1,5,2020-05-11 16:54:15.533222
user_20,project1,9,2020-05-11 17:02:15.405921
user_20,project1,10,2020-05-11 17:02:24.288997
user_31,project1,6,2020-05-11 17:23:45.313302
user_4,project1,84,2020-05-11 17:28:46.170057
user_20,project1,11,2020-05-11 17:40:57.784964
user_2,project1,63,2020-05-11 17:45:38.149470
user_2,project1,64,2020-05-11 17:50:36.200038
user_2,project1,65,2020-05-11 17:54:29.171807
user_29,project1,1,2020-05-11 17:57:37.768081
user_29,project1,2,2020-05-11 18:04:09.832742
user_29,project1,3,2020-05-11 18:11:00.409780
user_3,project1,35,2020-05-11 18:15:02.293119
user_3,project1,36,2020-05-11 18:17:28.978220
user_29,project1,4,2020-05-11 18:18:22.754034
user_3,project1,37,2020-05-11 18:19:11.640803
user_3,project1,38,2020-05-11 18:21:05.973468
user_3,project1,39,2020-05-11 18:22:55.722647
user_13,project1,1,2020-05-11 18:24:03.615259
user_3,project1,40,2020-05-11 18:24:57.794248
user_3,project1,41,2020-05-11 18:29:51.722183
user_3,project1,42,2020-05-11 18:32:00.896888
user_13,project1,2,2020-05-11 18:32:49.393779
user_3,project1,43,2020-05-11 18:35:16.832878
user_3,project1,44,2020-05-11 18:38:22.974874
user_29,project1,5,2020-05-11 18:43:47.877635
user_3,project1,45,2020-05-11 19:23:48.774951
user_14,project1,26,2020-05-11 19:26:38.940280
user_3,project1,46,2020-05-11 19:27:29.268361
user_3,project1,47,2020-05-11 19:31:06.857615
user_3,project1,48,2020-05-11 19:34:24.138761
user_14,project1,27,2020-05-11 19:35:20.809604
user_3,project1,49,2020-05-11 19:36:54.501602
user_3,project1,50,2020-05-11 19:41:49.378679
user_14,project1,28,2020-05-11 19:46:43.806416
user_3,project1,51,2020-05-11 19:48:53.752635
user_3,project1,52,2020-05-11 19:54:02.817754
user_14,project1,29,2020-05-11 19:54:30.589843
user_14,project1,30,2020-05-11 20:00:08.749244
user_2,project1,66,2020-05-11 20:03:15.116985
user_14,project1,31,2020-05-11 20:06:04.976788
user_14,project1,32,2020-05-11 20:13:03.215410
user_2,project1,67,2020-05-11 20:15:32.517252
user_2,project1,68,2020-05-11 20:16:43.826736
user_3,project1,53,2020-05-11 20:19:41.942835
user_14,project1,33,2020-05-11 20:31:09.672533
user_3,project1,54,2020-05-11 20:31:49.113435
user_14,project1,34,2020-05-11 20:37:48.914112
user_14,project1,35,2020-05-11 20:40:05.405272
user_14,project1,36,2020-05-11 20:46:44.121567
user_14,project1,37,2020-05-11 20:51:38.230353
user_14,project1,38,2020-05-11 20:54:31.505359
user_2,project1,69,2020-05-11 20:57:33.947173
user_14,project1,39,2020-05-11 20:57:55.585148
user_2,project1,70,2020-05-11 20:59:33.197190
user_25,project1,32,2020-05-11 21:01:42.229219
user_14,project1,40,2020-05-11 21:02:17.919766
user_2,project1,71,2020-05-11 21:04:04.647525
user_14,project1,41,2020-05-11 21:04:41.321787
user_2,project1,72,2020-05-11 21:06:17.574523
user_2,project1,73,2020-05-11 21:08:38.640892
user_14,project1,42,2020-05-11 21:08:51.077296
user_2,project1,74,2020-05-11 21:11:02.380597
user_14,project1,43,2020-05-11 21:16:26.487509
user_14,project1,44,2020-05-11 21:19:41.050848
user_25,project1,33,2020-05-11 21:21:31.872978
user_14,project1,45,2020-05-11 21:24:23.564605
user_14,project1,46,2020-05-11 21:25:58.223929
user_14,project1,47,2020-05-11 21:31:00.556667
user_14,project1,48,2020-05-11 21:33:02.046674
user_14,project1,49,2020-05-11 21:35:10.236078
user_4,project1,85,2020-05-11 22:52:51.314739
user_4,project1,86,2020-05-11 23:05:29.674074
user_4,project1,87,2020-05-11 23:32:37.340845
user_13,project1,3,2020-05-12 06:52:21.730314
user_13,project1,4,2020-05-12 07:00:29.077672
user_13,project1,5,2020-05-12 07:05:24.292622
user_13,project1,6,2020-05-12 07:07:16.040026
user_13,project1,7,2020-05-12 07:10:13.333013
user_13,project1,8,2020-05-12 07:16:34.331621
user_13,project1,9,2020-05-12 07:23:17.573122
user_13,project1,10,2020-05-12 07:42:40.377141
user_13,project1,11,2020-05-12 07:51:29.457465
user_13,project1,12,2020-05-12 07:57:25.418560
user_13,project1,13,2020-05-12 08:10:31.902132
user_13,project1,14,2020-05-12 08:22:47.468667
user_13,project1,15,2020-05-12 08:25:20.166126
user_13,project1,16,2020-05-12 08:28:10.504575
user_13,project1,17,2020-05-12 08:29:37.728219
user_13,project1,18,2020-05-12 09:06:43.405667
user_13,project1,19,2020-05-12 09:11:16.005702
user_13,project1,20,2020-05-12 09:11:36.205024
user_13,project1,21,2020-05-12 09:14:09.764915
user_13,project1,22,2020-05-12 09:40:54.689796
user_25,project1,34,2020-05-12 10:00:36.482983
user_13,project1,23,2020-05-12 10:04:59.370014
user_13,project1,24,2020-05-12 10:07:05.066289
user_25,project1,35,2020-05-12 10:07:37.584983
user_25,project1,36,2020-05-12 10:09:42.902096
user_13,project1,25,2020-05-12 10:15:02.627366
user_13,project1,26,2020-05-12 11:17:57.656267
user_13,project1,27,2020-05-12 11:31:31.822509
user_13,project1,28,2020-05-12 12:20:37.186146
user_25,project1,37,2020-05-12 14:15:48.884761
user_25,project1,38,2020-05-12 14:31:43.640940
user_4,project1,88,2020-05-12 14:37:35.190440
user_28,project1,1,2020-05-12 14:42:19.166414
user_28,project1,2,2020-05-12 14:52:13.991641
user_16,project1,2,2020-05-12 14:53:08.958929
user_16,project1,3,2020-05-12 14:53:15.673051
user_16,laba05,1,2020-05-12 14:53:38.326235
user_4,project1,89,2020-05-12 14:59:32.596045
user_4,project1,90,2020-05-12 15:09:43.668026
user_25,project1,39,2020-05-12 15:13:47.609337
user_4,project1,91,2020-05-12 15:35:34.261488
user_25,project1,40,2020-05-12 15:45:26.214620
user_13,project1,29,2020-05-12 15:48:48.834199
user_14,project1,50,2020-05-12 16:29:39.657119
user_17,project1,2,2020-05-12 16:32:51.962008
user_17,project1,3,2020-05-12 16:32:55.742275
user_14,project1,51,2020-05-12 16:32:59.418468
user_4,project1,92,2020-05-12 16:37:24.737262
user_4,project1,93,2020-05-12 16:47:55.034410
user_14,project1,52,2020-05-12 16:49:24.978853
user_14,project1,53,2020-05-12 16:52:36.637315
user_14,project1,54,2020-05-12 16:54:50.608722
user_2,project1,75,2020-05-12 16:55:59.837014
user_4,project1,94,2020-05-12 16:58:15.234952
user_14,project1,55,2020-05-12 16:58:42.797899
user_14,project1,56,2020-05-12 17:00:56.829624
user_14,project1,57,2020-05-12 17:03:08.734128
user_14,project1,58,2020-05-12 17:05:36.659504
user_14,project1,59,2020-05-12 17:07:08.749656
user_14,project1,60,2020-05-12 17:08:44.828686
user_14,project1,61,2020-05-12 17:10:52.018174
user_14,project1,62,2020-05-12 17:12:13.749721
user_14,project1,63,2020-05-12 17:15:18.281598
user_14,project1,64,2020-05-12 17:19:03.358202
user_14,project1,65,2020-05-12 17:20:23.764472
user_14,project1,66,2020-05-12 17:22:17.162075
user_14,project1,67,2020-05-12 17:24:35.065201
user_14,project1,68,2020-05-12 17:26:40.390299
user_14,project1,69,2020-05-12 17:31:14.455569
user_4,project1,95,2020-05-12 17:34:39.487826
user_14,project1,70,2020-05-12 17:35:07.145684
user_14,project1,71,2020-05-12 17:37:35.873996
user_14,project1,72,2020-05-12 17:39:38.328428
user_2,project1,76,2020-05-12 17:40:18.769740
user_14,project1,73,2020-05-12 17:41:24.515980
user_14,project1,74,2020-05-12 17:42:57.081085
user_29,project1,6,2020-05-12 17:44:34.453927
user_29,project1,7,2020-05-12 17:46:24.450031
user_29,project1,8,2020-05-12 17:50:07.605360
user_13,project1,30,2020-05-12 17:51:16.523704
user_14,project1,75,2020-05-12 17:53:41.375790
user_29,project1,9,2020-05-12 17:54:10.006845
user_25,project1,41,2020-05-12 17:57:50.241982
user_29,project1,10,2020-05-12 17:59:30.399260
user_14,project1,76,2020-05-12 18:00:34.802411
user_29,project1,11,2020-05-12 18:02:03.128638
user_14,project1,77,2020-05-12 18:04:02.358113
user_4,project1,96,2020-05-12 18:07:38.360702
user_3,project1,55,2020-05-12 18:07:54.772923
user_29,project1,12,2020-05-12 18:08:56.480449
user_3,project1,56,2020-05-12 18:10:57.352339
user_14,project1,78,2020-05-12 18:12:55.991023
user_25,project1,42,2020-05-12 18:16:14.416321
user_25,project1,43,2020-05-12 18:17:39.600080
user_14,project1,79,2020-05-12 18:19:59.969628
user_25,project1,44,2020-05-12 18:23:07.065308
user_14,project1,80,2020-05-12 18:23:25.977782
user_29,project1,13,2020-05-12 18:25:28.272397
user_25,project1,45,2020-05-12 18:25:54.252465
user_25,project1,46,2020-05-12 18:28:13.503310
user_14,project1,81,2020-05-12 18:33:38.256108
user_14,project1,82,2020-05-12 18:36:23.706753
user_25,project1,47,2020-05-12 18:38:20.804713
user_25,project1,48,2020-05-12 18:43:14.728852
user_4,project1,97,2020-05-12 18:48:34.222937
user_14,project1,83,2020-05-12 18:49:20.803591
user_25,project1,49,2020-05-12 18:53:59.255192
user_14,project1,84,2020-05-12 18:54:55.342417
user_25,project1,50,2020-05-12 18:57:23.276365
user_14,project1,85,2020-05-12 18:59:09.181121
user_25,project1,51,2020-05-12 19:03:10.925683
user_25,project1,52,2020-05-12 19:06:15.665090
user_4,project1,98,2020-05-12 19:07:32.433731
user_14,project1,86,2020-05-12 19:07:55.973779
user_25,project1,53,2020-05-12 19:08:21.351632
user_14,project1,87,2020-05-12 19:10:32.590514
user_4,project1,99,2020-05-12 19:13:27.976070
user_29,project1,14,2020-05-12 19:15:14.754796
user_14,project1,88,2020-05-12 19:15:24.778523
user_29,project1,15,2020-05-12 19:18:03.734354
user_4,project1,100,2020-05-12 19:19:40.323767
user_14,project1,89,2020-05-12 19:19:51.826312
user_4,project1,101,2020-05-12 19:21:28.854631
user_14,project1,90,2020-05-12 19:22:12.005903
user_14,project1,91,2020-05-12 19:24:06.161571
user_29,project1,16,2020-05-12 19:28:25.252469
user_29,project1,17,2020-05-12 19:29:33.186392
user_29,project1,18,2020-05-12 19:31:44.300082
user_4,project1,102,2020-05-12 19:34:37.395762
user_4,project1,103,2020-05-12 19:35:49.961935
user_4,project1,104,2020-05-12 19:44:27.784061
user_4,project1,105,2020-05-12 19:49:13.277209
user_4,project1,106,2020-05-12 19:50:43.409971
user_14,project1,92,2020-05-12 20:03:05.008202
user_4,project1,107,2020-05-12 20:09:16.060236
user_4,project1,108,2020-05-12 20:11:11.185988
user_10,project1,1,2020-05-12 20:12:28.056618
user_10,project1,2,2020-05-12 20:15:16.283126
user_4,project1,109,2020-05-12 20:21:39.113632
user_2,project1,77,2020-05-12 20:25:44.752397
user_4,project1,110,2020-05-12 20:28:41.352726
user_2,project1,78,2020-05-12 20:33:01.944628
user_4,project1,111,2020-05-12 20:34:43.017637
user_10,project1,3,2020-05-12 20:38:04.118936
user_4,project1,112,2020-05-12 20:39:39.007520
user_10,project1,4,2020-05-12 20:42:41.829664
user_4,project1,113,2020-05-12 20:45:02.080255
user_10,project1,5,2020-05-12 20:48:25.734373
user_4,project1,114,2020-05-12 20:51:36.568185
user_10,project1,6,2020-05-12 20:52:27.189742
user_4,project1,115,2020-05-12 20:59:52.637167
user_4,project1,116,2020-05-12 21:11:06.967622
user_4,project1,117,2020-05-12 21:16:58.307418
user_4,project1,118,2020-05-12 21:21:40.292459
user_4,project1,119,2020-05-12 21:26:37.005283
user_10,project1,7,2020-05-12 21:30:02.625844
user_4,project1,120,2020-05-12 21:33:53.949179
user_4,project1,121,2020-05-12 21:38:43.989097
user_4,project1,122,2020-05-12 21:44:38.792287
user_4,project1,123,2020-05-12 21:52:40.225812
user_25,project1,54,2020-05-12 21:55:27.171025
user_4,project1,124,2020-05-12 21:59:19.277462
user_4,project1,125,2020-05-12 22:01:23.214293
user_2,project1,79,2020-05-13 07:46:25.286129
user_2,project1,80,2020-05-13 07:50:13.515840
user_28,project1,3,2020-05-13 11:57:52.024400
user_24,project1,1,2020-05-13 12:24:16.035464
user_24,project1,2,2020-05-13 12:37:38.213205
user_24,project1,3,2020-05-13 12:46:45.401474
user_2,project1,81,2020-05-13 12:49:40.344044
user_2,project1,82,2020-05-13 12:52:25.997293
user_2,project1,83,2020-05-13 12:53:59.721103
user_28,project1,4,2020-05-13 12:55:53.420090
user_2,project1,84,2020-05-13 12:57:03.276314
user_28,project1,5,2020-05-13 12:59:05.869143
user_28,project1,6,2020-05-13 13:01:51.669806
user_28,project1,7,2020-05-13 13:04:09.901860
user_28,project1,8,2020-05-13 13:06:30.904285
user_28,project1,9,2020-05-13 13:09:37.406954
user_28,project1,10,2020-05-13 13:19:37.646537
user_28,project1,11,2020-05-13 13:24:01.654026
user_28,project1,12,2020-05-13 13:26:30.925165
user_2,project1,85,2020-05-13 13:49:48.576411
user_2,project1,86,2020-05-13 13:51:28.505243
user_2,project1,87,2020-05-13 13:52:56.769448
user_25,project1,55,2020-05-13 14:03:22.815141
user_24,project1,4,2020-05-13 14:06:53.201236
user_25,project1,56,2020-05-13 14:14:41.632694
user_24,project1,5,2020-05-13 14:53:53.674335
user_24,project1,6,2020-05-13 15:04:02.853446
user_24,project1,7,2020-05-13 15:08:11.444936
user_24,project1,8,2020-05-13 15:25:26.146195
user_28,project1,13,2020-05-13 15:29:25.586400
user_25,project1,57,2020-05-13 16:03:13.099385
user_2,project1,88,2020-05-13 16:33:39.629549
user_28,project1,14,2020-05-13 17:00:34.281419
user_28,project1,15,2020-05-13 17:12:04.906018
user_28,project1,16,2020-05-13 17:26:35.040657
user_29,project1,19,2020-05-13 17:30:58.988846
user_29,project1,20,2020-05-13 17:31:49.623653
user_29,project1,21,2020-05-13 17:32:57.297251
user_29,project1,22,2020-05-13 17:34:16.870724
user_28,project1,17,2020-05-13 18:09:03.151715
user_28,project1,18,2020-05-13 18:11:24.024616
user_28,project1,19,2020-05-13 18:14:32.563587
user_28,project1,20,2020-05-13 18:17:46.008558
user_18,project1,8,2020-05-13 18:34:05.505358
user_24,project1,9,2020-05-13 18:34:09.801068
user_4,project1,126,2020-05-13 18:52:22.007541
user_4,project1,127,2020-05-13 18:53:43.396704
user_10,project1,8,2020-05-13 19:23:37.856324
user_29,project1,23,2020-05-13 19:26:43.573714
user_10,project1,9,2020-05-13 19:28:35.880709
user_29,project1,24,2020-05-13 19:29:20.158013
user_29,project1,25,2020-05-13 19:34:27.458409
user_29,project1,26,2020-05-13 19:35:50.604526
user_6,project1,1,2020-05-13 19:50:34.262602
user_29,project1,27,2020-05-13 19:59:27.554006
user_10,project1,10,2020-05-13 20:09:32.821837
user_29,project1,28,2020-05-13 20:26:55.013391
user_29,project1,29,2020-05-13 20:28:22.510782
user_26,project1,36,2020-05-13 20:31:46.657165
user_26,project1,37,2020-05-13 20:33:56.702213
user_26,project1,38,2020-05-13 20:35:26.817830
user_4,project1,128,2020-05-13 20:51:14.686860
user_29,project1,30,2020-05-13 20:54:49.048154
user_29,project1,31,2020-05-13 20:58:04.457674
user_2,project1,89,2020-05-13 21:00:50.568986
user_26,project1,39,2020-05-13 21:01:15.941241
user_29,project1,32,2020-05-13 21:01:57.648372
user_26,project1,40,2020-05-13 21:02:22.977000
user_2,project1,90,2020-05-13 21:02:52.275352
user_4,project1,129,2020-05-13 21:03:30.789419
user_2,project1,91,2020-05-13 21:04:05.165803
user_4,project1,130,2020-05-13 21:06:47.184020
user_2,project1,92,2020-05-13 21:09:19.426445
user_4,project1,131,2020-05-13 21:09:33.553028
user_4,project1,132,2020-05-13 21:10:02.163177
user_29,project1,33,2020-05-13 21:10:45.326239
user_29,project1,34,2020-05-13 21:12:18.565279
user_26,project1,41,2020-05-13 21:13:02.183542
user_10,project1,11,2020-05-13 21:15:26.513716
user_10,project1,12,2020-05-13 21:16:55.137525
user_10,project1,13,2020-05-13 21:17:29.197063
user_10,project1,14,2020-05-13 21:21:56.099770
user_2,project1,93,2020-05-13 21:22:27.370764
user_10,project1,15,2020-05-13 21:22:58.360608
user_10,project1,16,2020-05-13 21:23:44.799551
user_10,project1,17,2020-05-13 21:24:29.457324
user_26,project1,42,2020-05-13 21:32:32.746633
user_26,project1,43,2020-05-13 21:37:52.915616
user_4,project1,133,2020-05-13 21:39:26.029031
user_26,project1,44,2020-05-13 21:42:21.317023
user_4,project1,134,2020-05-13 21:42:36.436153
user_26,project1,45,2020-05-13 21:43:35.864152
user_26,project1,46,2020-05-13 21:44:54.230559
user_26,project1,47,2020-05-13 21:46:10.674467
user_4,project1,135,2020-05-13 21:46:34.405558
user_10,project1,18,2020-05-13 21:48:37.998421
user_26,project1,48,2020-05-13 21:50:40.462438
user_4,project1,136,2020-05-13 21:50:51.282618
user_4,project1,137,2020-05-13 21:52:29.382179
user_10,project1,19,2020-05-13 21:53:03.640551
user_10,project1,20,2020-05-13 21:57:47.044202
user_10,project1,21,2020-05-13 22:02:29.954989
user_26,project1,49,2020-05-13 23:31:37.433769
user_26,project1,50,2020-05-13 23:33:14.875543
user_26,project1,51,2020-05-13 23:44:14.146363
user_26,project1,52,2020-05-13 23:59:33.143204
user_26,project1,53,2020-05-14 00:00:57.174472
user_26,project1,54,2020-05-14 00:02:24.340874
user_26,project1,55,2020-05-14 09:26:36.521094
user_26,project1,56,2020-05-14 10:00:44.723819
user_26,project1,56,2020-05-14 10:00:44.733203
user_26,project1,56,2020-05-14 10:00:44.947803
user_26,project1,57,2020-05-14 10:02:20.614185
user_4,project1,138,2020-05-14 10:03:33.087224
user_4,project1,139,2020-05-14 10:24:14.540606
user_25,project1,58,2020-05-14 10:29:05.509273
user_4,project1,140,2020-05-14 10:29:48.144323
user_19,project1,1,2020-05-14 10:33:45.495389
user_25,project1,59,2020-05-14 10:34:33.434461
user_19,project1,2,2020-05-14 10:36:12.575767
user_19,project1,3,2020-05-14 10:36:17.438079
user_4,project1,141,2020-05-14 10:36:57.212852
user_4,project1,142,2020-05-14 10:38:42.759139
user_25,project1,60,2020-05-14 10:40:49.891624
user_25,project1,61,2020-05-14 10:41:17.687798
user_4,project1,143,2020-05-14 10:46:00.898363
user_25,project1,62,2020-05-14 10:47:11.543467
user_4,project1,144,2020-05-14 10:50:24.654695
user_4,project1,145,2020-05-14 10:53:39.171118
user_25,project1,63,2020-05-14 10:57:35.130948
user_25,project1,64,2020-05-14 11:01:35.041028
user_25,project1,65,2020-05-14 11:04:09.358985
user_25,project1,66,2020-05-14 11:06:43.561119
user_25,project1,67,2020-05-14 11:09:16.073882
user_25,project1,68,2020-05-14 11:11:13.401439
user_28,project1,21,2020-05-14 11:21:51.540297
user_28,project1,22,2020-05-14 11:23:14.179124
user_28,project1,23,2020-05-14 11:44:55.205405
user_28,project1,24,2020-05-14 11:50:11.551703
user_19,project1,4,2020-05-14 12:47:54.266377
user_19,project1,5,2020-05-14 12:50:38.016948
user_14,project1,93,2020-05-14 13:00:58.127491
user_14,project1,94,2020-05-14 13:03:33.373570
user_14,project1,95,2020-05-14 13:06:40.525895
user_14,project1,96,2020-05-14 13:08:43.250937
user_14,project1,97,2020-05-14 13:15:15.781536
user_24,project1,10,2020-05-14 13:31:06.823462
user_24,project1,11,2020-05-14 13:50:22.861026
user_25,project1,69,2020-05-14 13:51:23.674415
user_25,project1,70,2020-05-14 13:54:49.714737
user_25,project1,71,2020-05-14 13:56:59.012598
user_25,project1,72,2020-05-14 14:22:20.962069
user_25,project1,73,2020-05-14 14:31:14.718338
user_25,project1,74,2020-05-14 14:32:34.549879
user_24,project1,12,2020-05-14 14:32:55.626528
user_20,project1,12,2020-05-14 14:34:10.305035
user_25,project1,75,2020-05-14 14:35:22.941437
user_24,project1,13,2020-05-14 14:36:27.628206
user_17,project1,5,2020-05-14 14:37:32.604511
user_20,project1,13,2020-05-14 14:40:53.529266
user_24,project1,14,2020-05-14 14:44:57.429603
user_24,project1,15,2020-05-14 14:46:52.415652
user_24,project1,16,2020-05-14 14:48:15.451338
user_10,project1,23,2020-05-14 14:49:17.420846
user_10,project1,24,2020-05-14 14:50:35.968843
user_10,project1,25,2020-05-14 14:53:40.612288
user_24,project1,17,2020-05-14 15:02:59.270539
user_19,project1,6,2020-05-14 15:03:31.429002
user_24,project1,18,2020-05-14 15:04:39.005774
user_24,project1,19,2020-05-14 15:05:52.613209
user_19,project1,7,2020-05-14 15:06:21.168674
user_24,project1,20,2020-05-14 15:07:25.612694
user_19,project1,8,2020-05-14 15:08:42.649208
user_24,project1,21,2020-05-14 15:09:13.495755
user_19,project1,9,2020-05-14 15:10:19.892352
user_24,project1,22,2020-05-14 15:10:42.185168
user_24,project1,23,2020-05-14 15:11:48.844316
user_24,project1,24,2020-05-14 15:14:34.058445
user_24,project1,25,2020-05-14 15:16:12.045660
user_19,project1,10,2020-05-14 15:18:09.060550
user_20,project1,14,2020-05-14 15:20:46.532116
user_24,project1,26,2020-05-14 15:22:52.404055
user_24,project1,27,2020-05-14 15:27:38.848957
user_20,project1,15,2020-05-14 15:28:09.159198
user_24,project1,28,2020-05-14 15:32:49.878891
user_24,project1,29,2020-05-14 15:35:12.199659
user_20,project1,16,2020-05-14 15:38:42.771702
user_20,project1,17,2020-05-14 15:40:04.975138
user_19,project1,11,2020-05-14 15:40:37.615000
user_8,project1,1,2020-05-14 15:42:04.002981
user_20,project1,18,2020-05-14 15:44:31.496690
user_19,project1,12,2020-05-14 15:45:34.603077
user_19,project1,13,2020-05-14 15:45:36.402532
user_24,project1,30,2020-05-14 15:45:59.414621
user_20,project1,19,2020-05-14 15:46:07.695250
user_8,project1,2,2020-05-14 15:50:51.715993
user_26,project1,58,2020-05-14 15:55:04.851942
user_20,project1,20,2020-05-14 15:55:38.715502
user_20,project1,21,2020-05-14 15:57:09.268389
user_26,project1,59,2020-05-14 15:57:44.744371
user_20,project1,22,2020-05-14 15:58:08.901525
user_20,project1,23,2020-05-14 15:58:58.991739
user_26,project1,60,2020-05-14 15:59:22.381999
user_20,project1,24,2020-05-14 16:00:26.707098
user_26,project1,61,2020-05-14 16:01:02.394365
user_20,project1,25,2020-05-14 16:02:02.655781
user_4,project1,146,2020-05-14 16:03:17.176932
user_4,project1,147,2020-05-14 16:05:48.603660
user_4,project1,148,2020-05-14 16:08:18.430929
user_4,project1,149,2020-05-14 16:10:03.403853
user_8,project1,3,2020-05-14 16:11:00.491523
user_20,project1,26,2020-05-14 16:11:05.588049
user_4,project1,150,2020-05-14 16:12:04.079125
user_4,project1,151,2020-05-14 16:15:25.417769
user_20,project1,27,2020-05-14 16:17:23.360898
user_4,project1,152,2020-05-14 16:17:28.945957
user_8,project1,4,2020-05-14 16:18:00.528528
user_10,project1,26,2020-05-14 16:18:19.338326
user_19,project1,14,2020-05-14 16:18:44.379398
user_18,project1,9,2020-05-14 16:21:51.341064
user_20,project1,28,2020-05-14 16:21:59.252376
user_4,project1,153,2020-05-14 16:22:28.181858
user_10,project1,27,2020-05-14 16:23:35.953700
user_4,project1,154,2020-05-14 16:26:15.442575
user_26,project1,62,2020-05-14 16:27:15.756541
user_4,project1,155,2020-05-14 16:28:25.881093
user_20,project1,29,2020-05-14 16:29:35.640976
user_4,project1,156,2020-05-14 16:30:33.503200
user_4,project1,157,2020-05-14 16:32:16.167175
user_18,project1,10,2020-05-14 16:32:46.077732
user_10,project1,28,2020-05-14 16:32:56.594356
user_4,project1,158,2020-05-14 16:35:20.808824
user_20,project1,30,2020-05-14 16:35:37.272347
user_10,project1,29,2020-05-14 16:35:44.993139
user_26,project1,63,2020-05-14 16:36:25.493999
user_4,project1,159,2020-05-14 16:36:49.619060
user_4,project1,160,2020-05-14 16:38:15.824592
user_26,project1,64,2020-05-14 16:38:33.991724
user_10,project1,30,2020-05-14 16:39:05.459884
user_4,project1,161,2020-05-14 16:39:33.720851
user_18,project1,11,2020-05-14 16:40:25.430509
user_4,project1,162,2020-05-14 16:40:30.128431
user_8,project1,5,2020-05-14 16:41:03.916147
user_10,project1,31,2020-05-14 16:41:07.317832
user_24,project1,31,2020-05-14 16:41:32.663486
user_28,project1,25,2020-05-14 16:42:48.998712
user_18,project1,12,2020-05-14 16:44:14.774502
user_20,project1,31,2020-05-14 16:47:26.232460
user_20,project1,32,2020-05-14 16:50:26.227178
user_19,project1,15,2020-05-14 16:52:48.472181
user_10,project1,32,2020-05-14 16:54:38.805360
user_19,project1,16,2020-05-14 16:56:30.893019
user_20,project1,33,2020-05-14 16:58:23.945857
user_19,project1,17,2020-05-14 16:58:40.826982
user_10,project1,33,2020-05-14 16:59:17.155280
user_20,project1,34,2020-05-14 17:00:05.614392
user_20,project1,35,2020-05-14 17:00:15.689340
user_19,project1,18,2020-05-14 17:00:54.558300
user_20,project1,36,2020-05-14 17:01:22.067919
user_20,project1,37,2020-05-14 17:02:34.617198
user_20,project1,38,2020-05-14 17:05:58.148498
user_10,project1,34,2020-05-14 17:06:04.081476
user_20,project1,39,2020-05-14 17:06:34.584398
user_19,project1,19,2020-05-14 17:08:34.533430
user_19,project1,20,2020-05-14 17:08:35.404990
user_4,project1,163,2020-05-14 17:11:10.723490
user_20,project1,40,2020-05-14 17:11:28.194212
user_10,project1,35,2020-05-14 17:12:03.622658
user_13,project1,31,2020-05-14 17:14:15.260305
user_10,project1,36,2020-05-14 17:17:47.976466
user_20,project1,41,2020-05-14 17:18:13.712512
user_10,project1,37,2020-05-14 17:19:31.775135
user_20,project1,42,2020-05-14 17:27:16.636508
user_10,project1,38,2020-05-14 17:28:14.657886
user_20,project1,43,2020-05-14 17:31:01.840260
user_20,project1,44,2020-05-14 17:33:50.386859
user_20,project1,45,2020-05-14 17:35:07.975895
user_10,project1,39,2020-05-14 17:35:25.026664
user_20,project1,46,2020-05-14 17:37:05.628103
user_20,project1,47,2020-05-14 17:39:04.661478
user_20,project1,48,2020-05-14 17:39:50.494199
user_8,project1,6,2020-05-14 17:40:47.781946
user_20,project1,49,2020-05-14 17:46:53.283929
user_8,project1,7,2020-05-14 17:46:54.469822
user_12,project1,1,2020-05-14 18:17:40.702024
user_15,project1,1,2020-05-14 18:26:10.569400
user_20,project1,50,2020-05-14 18:35:24.044641
user_15,project1,2,2020-05-14 18:35:50.701575
user_20,project1,51,2020-05-14 18:36:50.544219
user_20,project1,52,2020-05-14 18:39:32.041482
user_20,project1,53,2020-05-14 18:42:19.201078
user_10,project1,40,2020-05-14 18:44:44.929302
user_10,project1,41,2020-05-14 18:59:41.905953
user_27,project1,1,2020-05-14 19:00:59.327114
user_27,project1,2,2020-05-14 19:04:22.276869
user_27,project1,3,2020-05-14 19:04:22.526674
user_27,project1,4,2020-05-14 19:09:11.194077
user_27,project1,5,2020-05-14 19:10:47.090903
user_10,project1,42,2020-05-14 19:12:39.645370
user_27,project1,6,2020-05-14 19:13:23.566800
user_27,project1,7,2020-05-14 19:14:37.976804
user_12,project1,2,2020-05-14 19:17:06.327009
user_10,project1,43,2020-05-14 19:22:37.417372
user_24,project1,32,2020-05-14 19:25:12.273989
user_10,project1,44,2020-05-14 19:26:23.137432
user_24,project1,33,2020-05-14 19:29:27.520559
user_10,project1,45,2020-05-14 19:32:51.744632
user_10,project1,46,2020-05-14 19:33:08.055522
user_10,project1,47,2020-05-14 19:43:42.578339
user_10,project1,48,2020-05-14 19:46:40.149287
user_30,project1,18,2020-05-14 19:46:52.577130
user_10,project1,49,2020-05-14 19:49:16.268446
user_10,project1,50,2020-05-14 19:52:16.608113
user_10,project1,51,2020-05-14 19:56:17.112689
user_10,project1,52,2020-05-14 19:59:09.034130
user_16,project1,4,2020-05-14 19:59:51.993274
user_16,project1,5,2020-05-14 19:59:57.111458
user_10,project1,53,2020-05-14 20:02:18.075037
user_10,project1,54,2020-05-14 20:02:25.754872
user_16,project1,6,2020-05-14 20:03:19.389503
user_10,project1,55,2020-05-14 20:04:04.075211
user_10,project1,56,2020-05-14 20:08:39.802748
user_10,project1,57,2020-05-14 20:11:43.058727
user_19,project1,21,2020-05-14 20:13:57.830437
user_18,project1,13,2020-05-14 20:14:25.295715
user_19,project1,22,2020-05-14 20:21:19.856179
user_16,project1,7,2020-05-14 20:22:12.285110
user_10,project1,58,2020-05-14 20:22:16.824542
user_19,project1,23,2020-05-14 20:24:41.470596
user_18,project1,14,2020-05-14 20:26:23.311372
user_19,project1,24,2020-05-14 20:30:29.326761
user_16,project1,8,2020-05-14 20:30:41.874950
user_16,project1,9,2020-05-14 20:31:46.169658
user_16,project1,10,2020-05-14 20:32:11.259947
user_1,project1,1,2020-05-14 20:56:08.898880
user_1,project1,2,2020-05-14 20:58:02.313690
user_1,project1,3,2020-05-14 20:58:46.322457
user_12,project1,3,2020-05-14 21:00:16.494769
user_21,project1,8,2020-05-14 21:00:17.120721
user_31,project1,7,2020-05-14 21:01:27.744657
user_3,project1,57,2020-05-14 21:03:54.355057
user_14,project1,98,2020-05-14 21:04:41.116375
user_12,project1,4,2020-05-14 21:05:01.138161
user_21,project1,9,2020-05-14 21:05:02.139323
user_31,project1,8,2020-05-14 21:05:33.285202
user_3,project1,58,2020-05-14 21:05:43.828720
user_14,project1,99,2020-05-14 21:06:49.091173
user_6,project1,2,2020-05-14 21:06:53.834076
user_1,project1,4,2020-05-14 21:08:15.434237
user_1,project1,5,2020-05-14 21:10:14.867603
user_28,project1,26,2020-05-14 21:10:46.499768
user_29,project1,35,2020-05-14 21:11:38.212546
user_25,project1,76,2020-05-14 21:11:50.335228
user_8,project1,8,2020-05-14 21:12:17.314337
user_15,project1,3,2020-05-14 21:12:41.927278
user_1,project1,6,2020-05-14 21:12:49.812670
user_30,project1,19,2020-05-14 21:12:53.826420
user_13,project1,32,2020-05-14 21:13:13.640475
user_17,project1,6,2020-05-14 21:13:20.537441
user_20,project1,54,2020-05-14 21:13:35.495306
user_10,project1,59,2020-05-14 21:13:57.795593
user_19,project1,25,2020-05-14 21:14:06.446072
user_18,project1,15,2020-05-14 21:14:21.034018
user_22,project1,2,2020-05-14 21:14:28.964741
user_24,project1,34,2020-05-14 21:14:34.691633
user_1,project1,7,2020-05-14 21:15:08.710338
user_4,project1,164,2020-05-14 21:15:17.580667
user_2,project1,94,2020-05-14 21:15:33.132260
user_27,project1,8,2020-05-14 21:15:49.794754
user_26,project1,65,2020-05-14 21:15:54.477930
user_2,project1,95,2020-05-14 21:16:10.485485
user_18,project1,16,2020-05-14 21:16:54.174026
user_18,project1,17,2020-05-14 21:18:08.157634
user_14,code_rvw,20,2020-05-14 21:19:43.073940
user_18,project1,18,2020-05-14 21:19:59.794116
user_1,project1,8,2020-05-14 21:21:00.651643
user_18,project1,19,2020-05-14 21:21:15.719557
user_1,project1,9,2020-05-14 21:23:00.570667
user_18,project1,20,2020-05-14 21:23:38.421024
user_18,project1,21,2020-05-14 21:25:31.398195
user_18,project1,22,2020-05-14 21:28:07.715943
user_1,project1,10,2020-05-14 21:28:15.259720
user_18,project1,23,2020-05-14 21:30:16.603135
user_18,project1,24,2020-05-14 21:32:30.257251
user_18,project1,25,2020-05-14 21:38:56.642229
user_18,project1,26,2020-05-14 21:40:19.973845
user_25,project1,77,2020-05-14 21:41:35.758575
user_18,project1,27,2020-05-14 21:42:30.250427
user_18,project1,28,2020-05-14 21:47:36.662961
user_18,project1,29,2020-05-14 21:53:04.357805
user_1,code_rvw,10,2020-05-14 21:53:24.665307
user_18,project1,30,2020-05-14 21:57:07.957835
user_18,project1,31,2020-05-14 22:03:13.169997
user_1,project1,11,2020-05-14 22:19:38.776407
user_26,project1,66,2020-05-14 22:38:19.364506
user_26,project1,67,2020-05-14 22:38:48.163517
user_19,project1,26,2020-05-15 10:22:39.698523
user_19,project1,27,2020-05-15 10:22:46.248162
user_19,project1,28,2020-05-15 10:23:18.043212
user_28,project1,27,2020-05-15 10:38:14.430013
user_19,project1,29,2020-05-15 10:52:23.922331
user_8,laba06,1,2020-05-16 17:56:15.755553
user_8,laba06,2,2020-05-16 17:57:49.126243
user_8,laba06s,1,2020-05-16 20:01:07.900727
user_29,laba06,1,2020-05-17 09:03:29.037655
user_3,laba06,1,2020-05-17 09:56:40.480319
user_29,laba06s,1,2020-05-17 15:09:45.514508
user_29,laba06s,2,2020-05-17 15:10:46.863090
user_29,laba06s,3,2020-05-17 15:19:06.219999
user_29,laba06s,4,2020-05-17 15:25:30.293421
user_29,laba06s,5,2020-05-17 15:48:51.878823
user_1,laba06,1,2020-05-17 16:26:35.268534
user_28,laba06,1,2020-05-17 17:08:48.257050
user_28,laba06,2,2020-05-17 17:10:38.767754
user_4,laba06,1,2020-05-17 18:47:30.533305
user_4,laba06,2,2020-05-17 18:55:39.506728
user_4,laba06,3,2020-05-17 19:10:53.579773
user_4,laba06,4,2020-05-17 19:17:39.910804
user_4,laba06,5,2020-05-17 19:38:57.390594
user_4,laba06,6,2020-05-17 19:42:54.711762
user_16,laba06,1,2020-05-17 20:14:07.722742
user_31,laba06,1,2020-05-17 20:25:18.323894
user_16,laba06,2,2020-05-17 21:44:28.688602
user_16,laba06,3,2020-05-17 21:44:55.091738
user_16,laba06,4,2020-05-17 21:52:06.820190
user_16,laba06,5,2020-05-17 21:54:19.899039
user_16,laba06,6,2020-05-17 21:54:34.680179
user_16,laba06,7,2020-05-17 21:56:09.616136
user_16,laba06,8,2020-05-17 22:15:25.356472
user_16,laba06,9,2020-05-17 22:23:05.744415
user_16,laba06,10,2020-05-17 22:23:11.220412
user_16,laba06,11,2020-05-17 22:25:15.204164
user_6,laba06,1,2020-05-18 16:36:11.611686
user_25,laba06,1,2020-05-18 17:07:47.988807
user_4,laba06s,1,2020-05-18 17:36:11.688502
user_13,laba06,1,2020-05-19 08:40:13.532169
user_7,laba06,1,2020-05-19 08:40:28.258054
user_12,laba06,1,2020-05-19 08:41:51.082304
user_3,laba06s,1,2020-05-19 08:42:50.851878
user_3,laba06s,2,2020-05-19 08:53:34.928324
user_3,laba06s,3,2020-05-19 08:55:44.911180
user_3,laba06s,4,2020-05-19 09:00:03.498867
user_22,laba06,1,2020-05-19 09:00:24.831639
user_22,laba06s,1,2020-05-19 09:07:15.767802
user_19,laba06,1,2020-05-19 10:25:54.121465
user_7,laba06,2,2020-05-19 11:36:53.876317
user_10,laba06,1,2020-05-19 11:39:28.885637
user_7,laba06,3,2020-05-19 11:39:48.991823
user_10,laba06,2,2020-05-19 11:41:57.375917
user_2,laba06,1,2020-05-19 14:22:58.154732
user_2,laba06,2,2020-05-19 14:25:31.498593
user_2,laba06,3,2020-05-19 14:27:44.689160
user_2,laba06s,1,2020-05-19 14:45:03.908268
user_2,laba06s,2,2020-05-19 14:47:48.971975
user_2,laba06s,3,2020-05-19 14:57:55.600572
user_30,laba06,1,2020-05-19 17:53:15.088248
user_30,laba06,2,2020-05-19 18:00:31.607942
user_21,laba06,1,2020-05-19 19:30:14.644328
user_10,laba06s,1,2020-05-20 07:37:31.175817
user_10,laba06s,2,2020-05-20 07:51:00.791665
user_10,laba06s,3,2020-05-20 08:02:47.902849
user_10,laba06s,4,2020-05-20 08:05:39.208746
user_1,laba06s,1,2020-05-20 12:23:37.289724
user_25,laba06s,1,2020-05-20 14:02:26.512032
user_25,laba06s,2,2020-05-20 14:10:16.192640
user_25,laba06s,3,2020-05-20 14:43:11.496256
user_6,laba06s,1,2020-05-20 14:50:07.609937
user_25,laba06s,4,2020-05-20 14:52:56.991986
user_6,laba06s,2,2020-05-20 15:07:50.815133
user_28,laba06s,1,2020-05-20 20:42:44.423160
user_28,laba06s,2,2020-05-20 21:56:17.041755
user_28,laba06s,3,2020-05-20 22:46:05.413378
user_25,laba06s,5,2020-05-20 22:57:55.717688
user_7,laba06s,1,2020-05-20 23:05:37.742597
user_7,laba06s,2,2020-05-20 23:16:19.056111
user_23,laba06,1,2020-05-21 08:34:10.517205
user_19,laba06s,1,2020-05-21 13:27:06.705881
user_19,laba06s,2,2020-05-21 13:31:05.857070
user_19,laba06s,3,2020-05-21 13:31:09.301661
user_23,laba06s,1,2020-05-21 14:29:15.709568
user_23,laba06s,2,2020-05-21 14:35:07.981893
user_19,laba06s,4,2020-05-21 14:39:57.378760
user_19,laba06s,5,2020-05-21 14:40:18.445729
user_19,laba06s,6,2020-05-21 14:44:32.921156
user_23,laba06s,3,2020-05-21 14:46:31.083049
user_17,laba06,1,2020-05-21 15:21:31.567615
user_17,laba06,2,2020-05-21 15:30:38.749706
user_17,laba06,3,2020-05-21 15:30:46.464337
user_17,laba06,4,2020-05-21 15:31:51.546593
user_19,laba06s,7,2020-05-21 16:02:38.595345
user_19,laba06s,8,2020-05-21 16:02:55.664839
user_17,laba06s,1,2020-05-21 17:39:17.783615
user_17,laba06s,2,2020-05-21 18:10:40.845772
user_1,laba06s,2,2020-05-21 19:28:53.782587
user_1,laba06s,3,2020-05-21 19:29:06.434968
user_1,laba06s,4,2020-05-21 19:31:11.012936
user_1,laba06s,5,2020-05-21 19:39:03.006336
user_19,laba06s,9,2020-05-21 20:01:48.959966
user_1,laba06s,6,2020-05-21 20:18:54.487900
user_1,laba06s,7,2020-05-21 20:19:06.872761
user_1,laba06s,8,2020-05-21 20:22:41.877806
user_1,laba06s,9,2020-05-21 20:37:00.290491
